machine_id,temperature,pressure,status,timestamp
1,48.54,5.98,OFF,2025-04-28 18:43:42
1,85.44,2.59,ON,2025-04-28 18:43:47
1,64.94,3.94,ON,2025-04-28 18:43:52
1,42.41,2.63,ON,2025-04-28 18:43:57
1,49.52,1.22,OFF,2025-04-28 18:44:02
1,86.61,4.83,OFF,2025-04-28 18:46:29
1,64.92,2.87,OFF,2025-04-28 18:46:34
1,66.92,5.52,ON,2025-04-28 18:46:39
1,51.74,2.24,ON,2025-04-28 18:46:44
1,46.87,1.64,OFF,2025-04-28 18:46:49
1,69.06,1.27,ON,2025-04-28 18:46:54
1,74.97,5.84,ON,2025-04-28 18:46:59
1,59.07,3.05,ON,2025-04-28 18:47:04
1,66.49,4.35,OFF,2025-04-28 18:47:09
1,82.05,3.47,OFF,2025-04-28 18:47:14
1,56.07,4.3,ON,2025-04-28 18:47:19
1,63.81,1.56,ON,2025-04-28 18:47:24
1,46.36,3.1,ON,2025-04-28 18:47:29
1,63.32,2.17,ON,2025-04-28 18:47:34
1,49.58,3.7,ON,2025-04-28 18:47:39
1,62.33,1.81,OFF,2025-04-28 18:47:44
1,59.19,5.18,ON,2025-04-28 18:47:49
1,85.26,4.08,OFF,2025-04-28 18:47:54
1,88.26,3.21,OFF,2025-04-28 18:47:59
1,47.6,2.84,ON,2025-04-28 18:48:04
1,58.49,2.82,ON,2025-04-28 18:48:10
1,43.59,4.84,OFF,2025-04-28 18:48:15
1,86.24,4.48,ON,2025-04-28 18:48:20
1,82.73,5.13,ON,2025-04-28 18:48:25
1,33.59,2.62,OFF,2025-04-28 18:48:30
1,64.86,3.17,OFF,2025-04-28 18:48:35
1,38.79,4.19,OFF,2025-04-28 18:48:40
1,42.72,2.63,ON,2025-04-28 18:48:45
1,86.58,4.63,ON,2025-04-28 18:48:50
1,73.78,3.3,OFF,2025-04-28 18:48:55
1,70.01,5.59,OFF,2025-04-28 18:49:00
1,54.57,3.42,ON,2025-04-28 18:49:05
1,39.81,1.6,ON,2025-04-28 18:49:10
1,64.3,3.23,OFF,2025-04-28 18:49:15
1,87.2,4.82,OFF,2025-04-28 18:49:20
1,52.06,3.5,OFF,2025-04-28 18:49:25
1,89.62,2.08,ON,2025-04-28 18:49:30
1,40.48,4.29,ON,2025-04-28 18:49:35
1,58.73,1.72,OFF,2025-04-28 18:49:40
1,41.4,4.33,ON,2025-04-28 18:49:45
1,61.29,1.87,ON,2025-04-28 18:49:50
1,40.24,2.19,OFF,2025-04-28 18:49:55
1,34.93,5.4,ON,2025-04-28 18:50:00
1,84.87,3.5,ON,2025-04-28 18:50:05
1,45.91,1.99,OFF,2025-04-28 18:50:10
1,43.19,5.76,ON,2025-04-28 18:50:15
1,40.04,4.27,ON,2025-04-28 18:50:20
1,31.25,3.83,ON,2025-04-28 18:50:25
1,79.78,3.29,OFF,2025-04-28 18:50:30
1,38.61,4.0,OFF,2025-04-28 18:50:35
1,60.47,4.32,ON,2025-04-28 18:50:40
1,69.93,3.18,OFF,2025-04-28 18:50:45
1,30.43,4.12,ON,2025-04-28 18:50:50
1,75.27,1.54,OFF,2025-04-28 18:50:55
1,65.37,4.37,ON,2025-04-28 18:51:00
1,57.16,1.64,OFF,2025-04-28 18:51:05
1,51.35,4.57,OFF,2025-04-28 18:51:10
1,72.48,5.92,OFF,2025-04-28 18:51:15
1,33.39,4.28,OFF,2025-04-28 18:51:20
1,34.43,3.19,ON,2025-04-28 18:51:25
1,70.67,2.44,OFF,2025-04-28 18:51:30
1,41.52,3.73,ON,2025-04-28 18:51:35
1,72.27,4.47,OFF,2025-04-28 18:51:38
1,60.37,2.44,OFF,2025-04-28 18:51:43
1,73.71,5.27,ON,2025-04-28 18:51:48
1,56.96,5.18,ON,2025-04-28 18:51:53
1,65.68,5.66,OFF,2025-04-28 18:51:58
1,70.38,1.51,OFF,2025-04-28 18:52:03
1,77.15,5.69,OFF,2025-04-28 18:52:08
1,50.86,4.08,ON,2025-04-28 18:52:13
1,74.79,1.37,ON,2025-04-28 18:52:18
1,51.64,3.61,ON,2025-04-28 18:52:23
1,36.36,2.34,ON,2025-04-28 18:52:28
1,38.83,4.17,ON,2025-04-28 18:52:33
1,43.61,2.14,OFF,2025-04-28 18:52:38
1,69.74,2.37,OFF,2025-04-28 18:52:43
1,36.47,4.55,ON,2025-04-28 18:52:48
1,52.72,5.79,OFF,2025-04-28 18:52:53
1,39.19,1.78,OFF,2025-04-28 18:52:58
1,69.95,4.66,OFF,2025-04-28 18:53:03
1,42.23,4.57,ON,2025-04-28 18:53:08
1,80.11,1.74,ON,2025-04-28 18:53:13
1,41.83,5.76,OFF,2025-04-28 18:53:18
1,63.32,2.39,ON,2025-04-28 18:53:23
1,32.19,3.83,OFF,2025-04-28 18:53:28
1,30.33,1.02,ON,2025-04-28 18:53:33
1,39.92,5.25,ON,2025-04-28 18:53:38
1,78.62,1.23,ON,2025-04-28 18:53:43
1,39.23,3.26,OFF,2025-04-28 18:53:48
1,35.98,3.74,ON,2025-04-28 18:53:53
1,53.72,5.38,OFF,2025-04-28 18:53:58
1,73.82,1.17,OFF,2025-04-28 18:54:03
1,62.63,5.92,ON,2025-04-28 18:54:08
1,55.75,3.52,OFF,2025-04-28 18:54:13
1,40.82,1.62,ON,2025-04-28 18:54:18
1,51.57,3.95,ON,2025-04-28 18:54:23
1,38.08,1.29,OFF,2025-04-28 18:54:28
1,85.53,5.13,ON,2025-04-28 18:54:33
1,66.96,4.5,ON,2025-04-28 18:54:38
1,81.07,2.84,OFF,2025-04-28 18:54:43
1,46.13,2.96,OFF,2025-04-28 18:54:48
1,39.82,4.19,OFF,2025-04-28 18:54:53
1,61.77,5.78,ON,2025-04-28 18:54:58
1,64.01,5.14,ON,2025-04-28 18:55:03
1,71.7,3.73,OFF,2025-04-28 18:55:09
1,63.29,4.36,OFF,2025-04-28 18:55:14
1,62.47,4.62,ON,2025-04-28 18:55:19
1,33.21,5.86,OFF,2025-04-28 18:55:24
1,76.9,2.82,OFF,2025-04-28 18:55:29
1,30.63,5.22,ON,2025-04-28 18:55:34
1,57.24,1.51,OFF,2025-04-28 18:55:39
1,47.99,2.08,ON,2025-04-28 18:55:44
1,37.14,1.61,OFF,2025-04-28 18:55:49
1,59.57,2.56,ON,2025-04-28 18:55:54
1,40.34,5.43,ON,2025-04-28 18:55:59
1,63.02,2.73,ON,2025-04-28 18:56:04
1,32.28,4.58,OFF,2025-04-28 18:56:09
1,50.91,4.14,ON,2025-04-28 18:56:14
1,36.57,4.64,OFF,2025-04-28 18:56:19
1,52.21,2.28,OFF,2025-04-28 18:56:24
1,69.5,4.18,ON,2025-04-28 18:56:29
1,56.91,1.42,ON,2025-04-28 18:56:34
1,32.46,1.02,ON,2025-04-28 18:56:39
1,59.84,3.54,OFF,2025-04-28 18:56:44
1,67.44,2.77,ON,2025-04-28 18:56:49
1,80.79,4.88,ON,2025-04-28 18:56:54
1,43.16,4.23,ON,2025-04-28 18:56:59
1,50.55,5.11,OFF,2025-04-28 18:57:04
1,32.16,1.46,ON,2025-04-28 18:57:09
1,77.83,4.88,ON,2025-04-28 18:57:14
1,31.15,5.7,ON,2025-04-28 18:57:19
1,61.28,2.62,OFF,2025-04-28 18:57:24
1,51.53,1.29,OFF,2025-04-28 18:57:29
1,53.89,3.9,OFF,2025-04-28 18:57:34
1,76.44,4.11,OFF,2025-04-28 18:57:39
1,65.23,4.26,ON,2025-04-28 18:57:44
1,70.09,2.93,OFF,2025-04-28 18:57:49
1,44.25,2.43,OFF,2025-04-28 18:57:54
1,60.0,2.64,OFF,2025-04-28 18:57:59
1,60.39,2.75,OFF,2025-04-28 18:58:04
1,72.18,1.28,OFF,2025-04-28 18:58:09
1,31.47,4.49,ON,2025-04-28 18:58:14
1,42.14,4.63,OFF,2025-04-28 18:58:19
1,72.7,4.2,OFF,2025-04-28 18:58:24
1,42.56,1.09,ON,2025-04-28 18:58:29
1,47.25,5.39,ON,2025-04-28 18:58:34
1,45.29,2.2,ON,2025-04-28 18:58:39
1,46.64,4.83,ON,2025-04-28 18:58:44
1,67.12,5.45,ON,2025-04-28 18:58:49
1,71.16,2.29,OFF,2025-04-28 18:58:54
1,37.01,1.6,ON,2025-04-28 18:58:59
1,85.58,3.27,ON,2025-04-28 18:59:04
1,85.09,5.63,ON,2025-04-28 18:59:09
1,49.72,5.91,OFF,2025-04-28 18:59:14
1,31.95,5.42,ON,2025-04-28 18:59:19
1,84.55,4.62,OFF,2025-04-28 18:59:24
1,49.13,4.35,ON,2025-04-28 18:59:29
1,46.91,3.71,OFF,2025-04-28 18:59:34
1,62.7,5.93,ON,2025-04-28 18:59:39
1,65.48,4.03,ON,2025-04-28 18:59:44
1,78.15,4.54,OFF,2025-04-28 18:59:49
1,43.53,5.15,OFF,2025-04-28 18:59:54
1,50.51,5.09,ON,2025-04-28 18:59:59
1,50.96,1.64,OFF,2025-04-28 19:00:04
1,71.75,3.5,ON,2025-04-28 19:00:09
1,85.48,1.35,ON,2025-04-28 19:00:14
1,77.51,1.89,OFF,2025-04-28 19:00:19
1,70.48,1.32,OFF,2025-04-28 19:00:24
1,39.91,3.47,OFF,2025-04-29 21:29:50
2,70.72,4.71,OFF,2025-04-29 21:29:50
3,54.69,2.38,ON,2025-04-29 21:29:50
1,58.96,3.55,ON,2025-04-29 21:29:55
2,77.28,4.04,OFF,2025-04-29 21:29:55
3,53.74,3.75,ON,2025-04-29 21:29:55
1,78.59,1.93,ON,2025-04-29 21:30:00
2,89.36,1.11,ON,2025-04-29 21:30:00
3,35.95,1.41,OFF,2025-04-29 21:30:00
1,51.58,4.26,ON,2025-04-29 21:30:05
2,41.12,5.62,OFF,2025-04-29 21:30:05
3,31.59,5.4,ON,2025-04-29 21:30:05
1,51.83,1.03,OFF,2025-04-29 21:30:10
2,89.59,2.53,ON,2025-04-29 21:30:10
3,64.64,4.14,ON,2025-04-29 21:30:10
1,75.09,1.43,OFF,2025-04-29 21:30:15
2,75.11,4.02,ON,2025-04-29 21:30:15
3,50.47,1.05,ON,2025-04-29 21:30:15
1,79.91,4.51,OFF,2025-04-29 21:30:20
2,65.8,2.39,ON,2025-04-29 21:30:20
3,39.54,4.07,OFF,2025-04-29 21:30:20
1,76.02,3.87,ON,2025-04-29 21:30:25
2,40.28,1.34,ON,2025-04-29 21:30:25
3,56.96,1.73,ON,2025-04-29 21:30:25
1,82.86,4.69,ON,2025-04-29 21:30:30
2,74.23,4.58,ON,2025-04-29 21:30:30
3,52.52,2.34,OFF,2025-04-29 21:30:30
1,68.14,2.86,ON,2025-04-29 21:30:35
2,32.84,5.86,OFF,2025-04-29 21:30:35
3,49.04,3.46,OFF,2025-04-29 21:30:35
1,33.71,3.94,ON,2025-04-29 21:30:40
2,66.75,2.15,ON,2025-04-29 21:30:40
3,34.91,5.79,ON,2025-04-29 21:30:40
1,44.12,2.66,ON,2025-04-29 21:30:45
2,70.47,3.05,ON,2025-04-29 21:30:45
3,72.99,1.55,OFF,2025-04-29 21:30:45
1,44.72,5.54,OFF,2025-04-29 21:30:50
2,47.37,1.71,OFF,2025-04-29 21:30:50
3,84.47,3.95,ON,2025-04-29 21:30:50
1,86.04,5.24,ON,2025-04-29 21:30:55
2,79.01,5.6,ON,2025-04-29 21:30:55
3,58.13,3.09,OFF,2025-04-29 21:30:55
1,66.37,3.84,OFF,2025-04-29 21:33:47
2,35.5,4.1,ON,2025-04-29 21:33:47
3,64.47,2.32,ON,2025-04-29 21:33:47
1,53.02,4.83,OFF,2025-04-29 21:33:52
2,80.4,1.63,OFF,2025-04-29 21:33:52
3,33.21,2.76,OFF,2025-04-29 21:33:52
1,49.28,1.27,ON,2025-04-29 21:33:57
2,48.34,1.11,OFF,2025-04-29 21:33:57
3,51.96,1.89,OFF,2025-04-29 21:33:57
1,88.55,5.19,OFF,2025-04-29 21:34:02
2,63.87,2.76,ON,2025-04-29 21:34:02
3,39.85,2.65,ON,2025-04-29 21:34:02
1,70.04,2.08,ON,2025-04-29 21:34:07
2,50.05,2.65,OFF,2025-04-29 21:34:07
3,43.8,4.61,ON,2025-04-29 21:34:07
1,86.36,3.48,ON,2025-04-29 21:34:12
2,72.48,4.12,ON,2025-04-29 21:34:12
3,40.35,3.81,OFF,2025-04-29 21:34:12
1,50.11,3.5,ON,2025-04-29 21:34:17
2,56.43,3.67,OFF,2025-04-29 21:34:17
3,58.28,5.73,ON,2025-04-29 21:34:17
1,33.55,2.86,OFF,2025-04-29 21:34:22
2,36.02,2.48,OFF,2025-04-29 21:34:22
3,64.9,3.99,ON,2025-04-29 21:34:22
1,64.34,5.42,OFF,2025-04-29 21:34:27
2,84.28,3.15,ON,2025-04-29 21:34:27
3,44.65,2.16,OFF,2025-04-29 21:34:27
1,43.31,4.53,ON,2025-04-29 21:34:32
2,69.14,5.64,OFF,2025-04-29 21:34:32
3,41.96,1.31,OFF,2025-04-29 21:34:32
1,56.04,4.37,OFF,2025-04-29 21:34:37
2,59.32,1.91,ON,2025-04-29 21:34:37
3,64.74,1.45,OFF,2025-04-29 21:34:37
1,89.92,1.71,ON,2025-04-29 21:34:42
2,75.08,2.01,ON,2025-04-29 21:34:42
3,77.52,2.28,ON,2025-04-29 21:34:42
1,42.84,1.86,ON,2025-04-29 21:34:47
2,78.03,1.37,ON,2025-04-29 21:34:47
3,71.29,3.09,ON,2025-04-29 21:34:47
1,40.26,3.17,ON,2025-04-29 21:34:52
2,49.17,3.37,OFF,2025-04-29 21:34:52
3,57.19,3.61,ON,2025-04-29 21:34:52
1,37.51,5.41,OFF,2025-04-29 21:34:57
2,51.64,1.15,ON,2025-04-29 21:34:57
3,55.8,4.69,ON,2025-04-29 21:34:57
1,38.67,1.99,ON,2025-04-29 21:35:02
2,86.72,2.53,OFF,2025-04-29 21:35:02
3,46.33,5.97,ON,2025-04-29 21:35:02
1,35.56,5.89,ON,2025-04-29 21:35:07
2,42.58,1.51,ON,2025-04-29 21:35:07
3,86.36,3.31,OFF,2025-04-29 21:35:07
1,33.61,1.88,OFF,2025-04-29 21:35:12
2,42.37,1.52,OFF,2025-04-29 21:35:12
3,38.41,3.58,ON,2025-04-29 21:35:12
1,65.65,3.2,OFF,2025-04-29 21:35:17
2,76.08,3.34,ON,2025-04-29 21:35:17
3,77.14,5.59,OFF,2025-04-29 21:35:17
1,40.71,4.17,ON,2025-04-29 21:35:22
2,44.83,4.55,OFF,2025-04-29 21:35:22
3,54.66,5.12,OFF,2025-04-29 21:35:22
1,86.44,1.64,OFF,2025-04-29 21:35:27
2,41.78,2.55,ON,2025-04-29 21:35:27
3,54.32,1.07,OFF,2025-04-29 21:35:27
1,66.16,5.79,ON,2025-04-29 21:35:32
2,40.06,1.17,ON,2025-04-29 21:35:32
3,35.86,2.46,ON,2025-04-29 21:35:32
1,50.31,3.99,OFF,2025-04-29 21:35:37
2,58.98,4.54,OFF,2025-04-29 21:35:37
3,45.7,1.01,OFF,2025-04-29 21:35:37
1,61.44,5.73,OFF,2025-04-29 21:35:42
2,63.8,5.92,ON,2025-04-29 21:35:42
3,81.74,4.1,OFF,2025-04-29 21:35:42
1,70.18,3.02,OFF,2025-04-29 21:35:47
2,76.53,1.42,ON,2025-04-29 21:35:47
3,76.83,5.81,OFF,2025-04-29 21:35:47
1,64.2,1.93,ON,2025-04-29 21:35:52
2,82.62,1.8,OFF,2025-04-29 21:35:52
3,35.23,3.82,ON,2025-04-29 21:35:52
1,45.4,2.05,ON,2025-04-29 21:35:57
2,43.09,4.82,ON,2025-04-29 21:35:57
3,61.43,2.36,ON,2025-04-29 21:35:57
1,76.32,4.15,ON,2025-04-29 21:36:02
2,31.2,4.82,ON,2025-04-29 21:36:02
3,58.89,2.17,ON,2025-04-29 21:36:02
1,35.49,4.23,OFF,2025-04-29 21:36:08
2,36.95,1.29,ON,2025-04-29 21:36:08
3,47.55,5.76,OFF,2025-04-29 21:36:08
1,54.37,1.32,OFF,2025-04-29 21:36:13
2,70.24,2.21,ON,2025-04-29 21:36:13
3,47.42,2.75,ON,2025-04-29 21:36:13
1,72.07,2.22,ON,2025-04-29 21:36:18
2,51.72,3.33,OFF,2025-04-29 21:36:18
3,75.98,5.58,OFF,2025-04-29 21:36:18
1,45.77,5.52,OFF,2025-04-29 21:36:23
2,82.95,4.94,OFF,2025-04-29 21:36:23
3,33.81,2.47,ON,2025-04-29 21:36:23
1,37.64,1.41,OFF,2025-04-29 21:36:28
2,80.28,2.63,OFF,2025-04-29 21:36:28
3,63.54,2.22,OFF,2025-04-29 21:36:28
1,40.22,1.54,OFF,2025-04-29 21:36:33
2,50.98,5.7,ON,2025-04-29 21:36:33
3,33.29,3.51,ON,2025-04-29 21:36:33
1,39.51,3.42,ON,2025-04-29 21:36:38
2,72.64,4.31,OFF,2025-04-29 21:36:38
3,81.58,3.31,ON,2025-04-29 21:36:38
1,86.11,2.49,ON,2025-04-29 21:36:43
2,71.1,3.35,ON,2025-04-29 21:36:43
3,75.33,1.54,OFF,2025-04-29 21:36:43
1,49.39,3.05,ON,2025-04-29 21:36:48
2,51.37,5.42,OFF,2025-04-29 21:36:48
3,44.64,1.51,OFF,2025-04-29 21:36:48
1,66.12,1.82,OFF,2025-04-29 21:36:53
2,69.54,4.65,ON,2025-04-29 21:36:53
3,50.35,4.63,OFF,2025-04-29 21:36:53
1,86.45,2.56,OFF,2025-04-29 21:36:58
2,30.01,1.5,ON,2025-04-29 21:36:58
3,71.49,5.21,OFF,2025-04-29 21:36:58
1,66.51,1.4,ON,2025-04-29 21:37:03
2,70.77,2.37,ON,2025-04-29 21:37:03
3,51.03,4.22,ON,2025-04-29 21:37:03
1,58.43,5.4,OFF,2025-04-29 21:37:08
2,53.74,4.59,OFF,2025-04-29 21:37:08
3,89.72,3.24,OFF,2025-04-29 21:37:08
1,48.48,2.73,ON,2025-04-29 21:37:13
2,43.83,3.89,ON,2025-04-29 21:37:13
3,38.42,2.47,ON,2025-04-29 21:37:13
1,80.14,1.4,ON,2025-04-29 21:37:18
2,63.27,1.35,OFF,2025-04-29 21:37:18
3,79.23,3.62,ON,2025-04-29 21:37:18
1,83.54,3.56,OFF,2025-04-29 21:37:23
2,87.68,2.17,ON,2025-04-29 21:37:23
3,66.03,1.24,OFF,2025-04-29 21:37:23
1,85.03,1.08,OFF,2025-04-29 21:37:28
2,70.0,5.2,OFF,2025-04-29 21:37:28
3,73.03,1.1,ON,2025-04-29 21:37:28
1,43.21,4.48,OFF,2025-04-29 21:37:33
2,53.83,2.84,ON,2025-04-29 21:37:33
3,34.23,2.15,ON,2025-04-29 21:37:33
1,88.1,2.79,OFF,2025-04-29 21:37:38
2,77.02,3.79,OFF,2025-04-29 21:37:38
3,33.58,3.33,OFF,2025-04-29 21:37:38
1,55.85,5.32,ON,2025-04-29 21:37:43
2,49.49,1.31,ON,2025-04-29 21:37:43
3,86.9,1.77,ON,2025-04-29 21:37:43
1,87.98,4.35,OFF,2025-04-29 21:37:48
2,55.06,1.4,ON,2025-04-29 21:37:48
3,53.15,4.07,ON,2025-04-29 21:37:48
1,59.34,4.51,OFF,2025-04-29 21:37:53
2,74.56,5.32,ON,2025-04-29 21:37:53
3,82.53,2.71,OFF,2025-04-29 21:37:53
1,42.02,5.16,ON,2025-04-29 21:37:58
2,37.2,5.42,OFF,2025-04-29 21:37:58
3,83.24,2.54,ON,2025-04-29 21:37:58
1,69.5,1.59,OFF,2025-04-29 21:38:03
2,70.06,3.17,ON,2025-04-29 21:38:03
3,84.08,4.32,OFF,2025-04-29 21:38:03
1,78.38,1.15,ON,2025-04-29 21:38:08
2,72.11,3.65,ON,2025-04-29 21:38:08
3,43.42,4.47,ON,2025-04-29 21:38:08
1,56.15,5.15,ON,2025-04-29 21:38:11
2,51.37,3.59,ON,2025-04-29 21:38:11
3,83.18,5.28,OFF,2025-04-29 21:38:11
1,53.64,4.58,OFF,2025-04-29 21:38:16
2,62.76,1.54,ON,2025-04-29 21:38:16
3,54.3,2.41,ON,2025-04-29 21:38:16
1,62.66,2.43,OFF,2025-04-29 21:38:21
2,69.16,5.06,ON,2025-04-29 21:38:21
3,65.82,2.83,OFF,2025-04-29 21:38:21
1,76.52,5.05,ON,2025-04-29 21:38:26
2,75.24,2.05,ON,2025-04-29 21:38:26
3,57.53,2.46,ON,2025-04-29 21:38:26
1,69.59,3.41,ON,2025-04-29 21:38:31
2,58.0,1.15,OFF,2025-04-29 21:38:31
3,53.84,1.65,ON,2025-04-29 21:38:31
1,44.76,2.07,OFF,2025-04-29 21:38:36
2,40.75,1.8,OFF,2025-04-29 21:38:36
3,77.02,2.11,OFF,2025-04-29 21:38:36
1,31.6,3.45,OFF,2025-04-29 21:38:41
2,35.22,3.77,OFF,2025-04-29 21:38:41
3,38.7,2.06,OFF,2025-04-29 21:38:41
1,40.85,1.86,ON,2025-04-29 21:38:46
2,88.45,4.09,OFF,2025-04-29 21:38:46
3,80.02,4.7,OFF,2025-04-29 21:38:46
1,89.76,2.9,ON,2025-04-29 21:38:51
2,81.49,5.86,OFF,2025-04-29 21:38:51
3,52.09,3.29,ON,2025-04-29 21:38:51
1,51.78,2.6,OFF,2025-04-29 21:38:56
2,67.83,3.66,OFF,2025-04-29 21:38:56
3,85.18,3.79,OFF,2025-04-29 21:38:56
1,68.41,2.32,ON,2025-04-29 21:39:01
2,36.79,1.92,ON,2025-04-29 21:39:01
3,53.58,5.43,OFF,2025-04-29 21:39:01
1,43.28,4.17,OFF,2025-04-29 21:39:06
2,31.81,5.93,OFF,2025-04-29 21:39:06
3,48.19,3.56,ON,2025-04-29 21:39:06
1,68.12,4.27,ON,2025-04-29 21:39:11
2,69.01,3.21,ON,2025-04-29 21:39:11
3,60.82,4.26,OFF,2025-04-29 21:39:11
1,66.51,2.08,OFF,2025-04-29 21:39:16
2,59.58,4.24,OFF,2025-04-29 21:39:16
3,72.24,4.19,ON,2025-04-29 21:39:16
1,45.9,1.39,OFF,2025-04-29 21:39:21
2,58.32,2.79,ON,2025-04-29 21:39:21
3,37.01,2.09,ON,2025-04-29 21:39:21
1,62.62,1.45,OFF,2025-04-29 21:39:26
2,66.65,5.96,ON,2025-04-29 21:39:26
3,60.84,5.19,ON,2025-04-29 21:39:26
1,82.2,4.27,OFF,2025-04-29 21:39:31
2,79.6,4.31,OFF,2025-04-29 21:39:31
3,47.42,2.23,OFF,2025-04-29 21:39:31
1,71.81,2.41,OFF,2025-04-29 21:39:36
2,49.16,2.63,OFF,2025-04-29 21:39:36
3,55.61,4.57,OFF,2025-04-29 21:39:36
1,65.96,1.44,ON,2025-04-29 21:39:41
2,43.53,5.42,OFF,2025-04-29 21:39:41
3,35.24,5.95,ON,2025-04-29 21:39:41
1,71.53,3.89,OFF,2025-04-29 21:39:46
2,33.47,5.67,OFF,2025-04-29 21:39:46
3,46.7,3.91,ON,2025-04-29 21:39:46
1,58.94,1.53,ON,2025-04-29 21:39:51
2,31.97,4.99,OFF,2025-04-29 21:39:51
3,33.88,3.23,OFF,2025-04-29 21:39:51
1,59.0,4.68,ON,2025-04-29 21:39:56
2,67.2,3.07,ON,2025-04-29 21:39:56
3,82.13,2.21,OFF,2025-04-29 21:39:56
1,80.55,5.52,ON,2025-04-29 21:40:01
2,33.95,2.42,OFF,2025-04-29 21:40:01
3,40.26,4.42,ON,2025-04-29 21:40:01
1,53.62,1.17,OFF,2025-04-29 21:40:06
2,44.5,4.81,OFF,2025-04-29 21:40:06
3,44.58,4.89,OFF,2025-04-29 21:40:06
1,61.07,5.87,ON,2025-04-29 21:40:11
2,43.82,4.96,ON,2025-04-29 21:40:11
3,53.49,1.44,ON,2025-04-29 21:40:11
1,63.23,5.6,OFF,2025-04-29 21:40:16
2,45.32,2.89,OFF,2025-04-29 21:40:16
3,85.21,2.11,OFF,2025-04-29 21:40:16
1,80.95,1.55,OFF,2025-04-29 21:40:21
2,84.91,4.52,OFF,2025-04-29 21:40:21
3,30.42,3.41,OFF,2025-04-29 21:40:21
1,80.56,3.44,OFF,2025-04-29 21:40:26
2,52.94,4.61,ON,2025-04-29 21:40:26
3,44.51,5.52,OFF,2025-04-29 21:40:26
1,40.26,3.96,ON,2025-04-29 21:40:31
2,66.99,5.64,OFF,2025-04-29 21:40:31
3,80.15,4.13,OFF,2025-04-29 21:40:31
1,84.8,5.5,OFF,2025-04-29 21:40:36
2,71.21,3.62,ON,2025-04-29 21:40:36
3,49.19,2.31,ON,2025-04-29 21:40:36
1,80.67,5.16,ON,2025-04-29 21:40:41
2,55.92,5.39,ON,2025-04-29 21:40:41
3,69.52,2.71,OFF,2025-04-29 21:40:41
1,42.12,3.89,OFF,2025-04-29 21:40:46
2,56.05,2.97,OFF,2025-04-29 21:40:46
3,76.41,2.16,ON,2025-04-29 21:40:46
1,40.68,2.77,OFF,2025-04-29 21:40:51
2,61.09,2.18,ON,2025-04-29 21:40:51
3,78.32,3.8,OFF,2025-04-29 21:40:51
1,85.16,5.37,ON,2025-04-29 21:40:56
2,47.69,2.56,ON,2025-04-29 21:40:56
3,38.03,3.92,ON,2025-04-29 21:40:56
1,38.77,5.9,ON,2025-04-29 21:41:01
2,78.78,3.82,ON,2025-04-29 21:41:01
3,79.25,4.9,OFF,2025-04-29 21:41:01
1,50.4,4.27,ON,2025-04-29 21:41:06
2,65.12,5.7,ON,2025-04-29 21:41:06
3,44.87,3.57,OFF,2025-04-29 21:41:06
1,70.2,3.31,OFF,2025-04-29 21:41:11
2,81.02,3.81,OFF,2025-04-29 21:41:11
3,80.17,3.83,OFF,2025-04-29 21:41:11
1,56.81,1.4,OFF,2025-04-29 21:41:16
2,58.71,3.28,ON,2025-04-29 21:41:16
3,81.74,5.35,OFF,2025-04-29 21:41:16
1,51.49,3.05,OFF,2025-04-29 21:41:21
2,35.91,3.92,OFF,2025-04-29 21:41:21
3,44.32,4.01,OFF,2025-04-29 21:41:21
1,79.8,3.81,OFF,2025-04-29 21:41:26
2,56.39,4.59,ON,2025-04-29 21:41:26
3,60.87,2.25,ON,2025-04-29 21:41:26
1,39.98,4.34,OFF,2025-04-29 21:41:31
2,52.54,4.96,ON,2025-04-29 21:41:31
3,60.31,3.62,OFF,2025-04-29 21:41:31
1,87.78,3.76,ON,2025-04-29 21:41:36
2,73.77,4.65,ON,2025-04-29 21:41:36
3,41.89,4.04,OFF,2025-04-29 21:41:36
1,65.68,3.88,ON,2025-04-29 21:41:41
2,54.56,1.13,ON,2025-04-29 21:41:41
3,67.67,4.55,ON,2025-04-29 21:41:41
1,45.44,5.68,ON,2025-04-29 21:41:46
2,49.77,4.97,ON,2025-04-29 21:41:46
3,46.14,3.95,OFF,2025-04-29 21:41:46
1,76.78,2.91,OFF,2025-04-29 21:41:51
2,70.07,4.31,ON,2025-04-29 21:41:51
3,43.93,3.32,ON,2025-04-29 21:41:51
1,36.18,1.77,ON,2025-04-29 21:41:56
2,33.17,2.14,OFF,2025-04-29 21:41:56
3,58.43,4.72,ON,2025-04-29 21:41:56
1,78.13,5.84,ON,2025-04-29 21:42:01
2,34.95,3.36,ON,2025-04-29 21:42:01
3,72.25,1.27,ON,2025-04-29 21:42:01
1,51.77,3.82,ON,2025-04-29 21:42:06
2,41.8,3.46,OFF,2025-04-29 21:42:06
3,61.79,5.34,ON,2025-04-29 21:42:06
1,58.85,5.0,OFF,2025-04-29 21:42:11
2,72.27,2.81,OFF,2025-04-29 21:42:11
3,83.87,5.07,OFF,2025-04-29 21:42:11
1,52.21,2.44,OFF,2025-04-29 21:42:16
2,58.9,2.92,OFF,2025-04-29 21:42:16
3,80.56,4.63,OFF,2025-04-29 21:42:16
1,75.82,1.19,ON,2025-04-29 21:42:21
2,83.21,4.56,ON,2025-04-29 21:42:21
3,87.28,3.44,OFF,2025-04-29 21:42:21
1,82.74,3.94,ON,2025-04-29 21:42:26
2,71.07,2.8,ON,2025-04-29 21:42:26
3,37.33,2.32,OFF,2025-04-29 21:42:26
1,68.01,3.38,ON,2025-04-29 21:42:31
2,67.94,1.65,OFF,2025-04-29 21:42:31
3,63.16,3.16,OFF,2025-04-29 21:42:31
1,52.5,3.69,OFF,2025-04-29 21:42:36
2,82.8,5.44,OFF,2025-04-29 21:42:36
3,68.74,2.84,OFF,2025-04-29 21:42:36
1,72.52,3.89,ON,2025-04-29 21:42:41
2,61.63,5.84,ON,2025-04-29 21:42:41
3,58.72,3.09,OFF,2025-04-29 21:42:41
1,78.3,4.58,ON,2025-04-29 21:42:46
2,67.78,3.86,ON,2025-04-29 21:42:46
3,68.05,4.52,ON,2025-04-29 21:42:46
1,52.99,1.0,ON,2025-04-29 21:42:51
2,60.6,4.74,ON,2025-04-29 21:42:51
3,74.2,4.69,OFF,2025-04-29 21:42:51
1,38.6,5.71,ON,2025-04-29 21:42:56
2,41.17,1.56,OFF,2025-04-29 21:42:56
3,49.36,4.99,ON,2025-04-29 21:42:56
1,56.31,1.95,OFF,2025-04-29 21:43:01
2,64.0,5.94,OFF,2025-04-29 21:43:01
3,49.01,5.6,ON,2025-04-29 21:43:01
1,66.85,2.34,OFF,2025-04-29 21:43:06
2,31.27,2.93,OFF,2025-04-29 21:43:06
3,34.51,4.17,ON,2025-04-29 21:43:06
1,53.04,4.31,OFF,2025-04-29 21:43:11
2,65.24,2.21,OFF,2025-04-29 21:43:11
3,37.16,3.64,OFF,2025-04-29 21:43:11
1,89.44,2.0,ON,2025-04-29 21:43:16
2,82.94,2.92,ON,2025-04-29 21:43:16
3,35.18,3.62,OFF,2025-04-29 21:43:16
1,31.33,1.6,OFF,2025-04-29 21:43:21
2,62.57,3.19,ON,2025-04-29 21:43:21
3,40.74,3.26,OFF,2025-04-29 21:43:21
1,70.29,4.28,ON,2025-04-29 21:43:26
2,41.56,5.68,ON,2025-04-29 21:43:26
3,70.21,3.03,OFF,2025-04-29 21:43:26
1,43.51,5.33,ON,2025-04-29 21:43:31
2,61.34,1.01,OFF,2025-04-29 21:43:31
3,74.51,1.58,OFF,2025-04-29 21:43:31
1,87.75,4.17,ON,2025-04-29 21:43:36
2,52.88,5.02,OFF,2025-04-29 21:43:36
3,59.7,1.9,ON,2025-04-29 21:43:36
1,30.7,2.27,ON,2025-04-29 21:43:41
2,78.05,1.97,OFF,2025-04-29 21:43:41
3,58.5,5.66,ON,2025-04-29 21:43:41
1,72.11,4.14,ON,2025-04-29 21:43:46
2,42.74,5.81,ON,2025-04-29 21:43:46
3,55.06,2.05,OFF,2025-04-29 21:43:46
1,53.36,2.76,OFF,2025-04-29 21:43:51
2,71.9,3.09,ON,2025-04-29 21:43:51
3,35.4,4.68,ON,2025-04-29 21:43:51
1,83.43,5.68,OFF,2025-04-29 21:43:56
2,81.61,2.94,OFF,2025-04-29 21:43:56
3,66.5,5.13,OFF,2025-04-29 21:43:56
1,74.53,5.88,OFF,2025-04-29 21:44:01
2,63.01,5.2,OFF,2025-04-29 21:44:01
3,57.35,4.53,OFF,2025-04-29 21:44:01
1,88.68,3.27,OFF,2025-04-29 21:44:06
2,47.45,2.42,ON,2025-04-29 21:44:06
3,65.41,4.09,OFF,2025-04-29 21:44:06
1,40.16,1.87,ON,2025-04-29 21:44:11
2,55.55,2.07,ON,2025-04-29 21:44:11
3,47.72,3.85,ON,2025-04-29 21:44:11
1,84.47,3.85,ON,2025-04-29 21:44:16
2,74.92,3.04,ON,2025-04-29 21:44:16
3,88.58,4.46,OFF,2025-04-29 21:44:16
1,51.67,2.57,OFF,2025-04-29 21:44:21
2,89.56,1.28,OFF,2025-04-29 21:44:21
3,43.25,5.99,ON,2025-04-29 21:44:21
1,50.56,1.17,ON,2025-04-29 21:44:26
2,46.36,3.45,ON,2025-04-29 21:44:26
3,32.46,5.1,ON,2025-04-29 21:44:26
1,61.35,3.85,ON,2025-04-29 21:44:31
2,36.22,1.68,ON,2025-04-29 21:44:31
3,31.65,1.32,ON,2025-04-29 21:44:31
1,78.39,5.69,ON,2025-04-29 21:44:36
2,51.12,2.55,OFF,2025-04-29 21:44:36
3,79.05,5.75,OFF,2025-04-29 21:44:36
1,56.55,3.13,ON,2025-04-29 21:44:41
2,41.51,3.65,OFF,2025-04-29 21:44:41
3,53.19,1.51,ON,2025-04-29 21:44:41
1,75.21,2.47,OFF,2025-04-29 21:44:46
2,77.77,2.55,ON,2025-04-29 21:44:46
3,57.04,4.16,ON,2025-04-29 21:44:46
1,77.86,5.69,OFF,2025-04-29 21:44:51
2,68.87,2.43,OFF,2025-04-29 21:44:51
3,64.3,3.64,OFF,2025-04-29 21:44:51
1,42.57,5.41,OFF,2025-04-29 21:44:56
2,58.14,5.32,OFF,2025-04-29 21:44:56
3,83.77,3.33,ON,2025-04-29 21:44:56
1,74.15,3.33,OFF,2025-04-29 21:45:01
2,40.2,2.32,OFF,2025-04-29 21:45:01
3,60.53,5.98,ON,2025-04-29 21:45:01
1,31.06,3.23,ON,2025-04-29 21:45:06
2,34.87,3.96,OFF,2025-04-29 21:45:06
3,35.01,4.13,ON,2025-04-29 21:45:06
1,53.68,4.48,ON,2025-04-29 21:45:11
2,86.76,4.83,OFF,2025-04-29 21:45:11
3,38.79,4.67,ON,2025-04-29 21:45:11
1,33.34,5.87,OFF,2025-04-29 21:45:16
2,45.02,5.4,OFF,2025-04-29 21:45:16
3,70.72,1.24,OFF,2025-04-29 21:45:16
1,49.11,3.57,ON,2025-04-29 21:45:21
2,82.19,2.93,OFF,2025-04-29 21:45:21
3,36.69,5.36,OFF,2025-04-29 21:45:21
1,87.6,3.3,OFF,2025-04-29 21:45:27
2,50.34,3.75,ON,2025-04-29 21:45:27
3,48.43,1.99,OFF,2025-04-29 21:45:27
1,48.85,3.16,ON,2025-04-29 21:45:32
2,45.95,3.64,OFF,2025-04-29 21:45:32
3,48.76,3.53,ON,2025-04-29 21:45:32
1,77.37,2.62,OFF,2025-04-29 21:45:37
2,88.28,1.01,OFF,2025-04-29 21:45:37
3,89.53,3.26,OFF,2025-04-29 21:45:37
1,68.43,4.84,OFF,2025-04-29 21:45:42
2,56.04,3.77,OFF,2025-04-29 21:45:42
3,74.98,4.39,ON,2025-04-29 21:45:42
1,88.35,4.52,OFF,2025-04-29 21:45:47
2,65.22,1.18,ON,2025-04-29 21:45:47
3,41.94,4.33,ON,2025-04-29 21:45:47
1,85.17,4.27,OFF,2025-04-29 21:45:52
2,61.46,4.34,ON,2025-04-29 21:45:52
3,68.33,1.34,OFF,2025-04-29 21:45:52
1,79.06,2.2,ON,2025-04-29 21:45:57
2,37.99,3.7,ON,2025-04-29 21:45:57
3,65.64,2.4,ON,2025-04-29 21:45:57
1,59.28,2.68,ON,2025-04-29 21:46:02
2,39.22,4.23,OFF,2025-04-29 21:46:02
3,66.79,5.05,OFF,2025-04-29 21:46:02
1,82.11,4.85,OFF,2025-04-29 21:46:07
2,68.2,3.84,ON,2025-04-29 21:46:07
3,84.41,2.83,OFF,2025-04-29 21:46:07
1,79.0,3.47,ON,2025-04-29 21:46:12
2,89.31,2.78,OFF,2025-04-29 21:46:12
3,40.65,1.01,ON,2025-04-29 21:46:12
1,84.09,4.03,ON,2025-04-29 21:46:17
2,57.08,4.7,OFF,2025-04-29 21:46:17
3,39.08,5.97,ON,2025-04-29 21:46:17
1,43.88,3.61,ON,2025-04-29 21:46:22
2,81.34,2.85,ON,2025-04-29 21:46:22
3,88.32,2.85,OFF,2025-04-29 21:46:22
1,75.89,5.67,OFF,2025-04-29 21:46:27
2,39.48,1.37,OFF,2025-04-29 21:46:27
3,51.22,2.66,ON,2025-04-29 21:46:27
1,45.41,4.63,OFF,2025-04-29 21:46:32
2,84.9,3.52,OFF,2025-04-29 21:46:32
3,40.79,2.81,OFF,2025-04-29 21:46:32
1,62.39,3.59,ON,2025-04-29 21:46:37
2,64.7,2.57,OFF,2025-04-29 21:46:37
3,70.14,5.45,OFF,2025-04-29 21:46:37
1,32.83,1.39,OFF,2025-04-29 21:46:42
2,61.68,4.03,OFF,2025-04-29 21:46:42
3,86.45,5.95,OFF,2025-04-29 21:46:42
1,39.51,4.24,ON,2025-04-29 21:46:47
2,30.13,4.17,ON,2025-04-29 21:46:47
3,65.81,1.08,ON,2025-04-29 21:46:47
1,31.4,2.44,OFF,2025-04-29 21:46:52
2,39.31,1.61,ON,2025-04-29 21:46:52
3,45.81,3.56,ON,2025-04-29 21:46:52
1,77.05,2.58,ON,2025-04-29 21:46:57
2,42.16,2.74,OFF,2025-04-29 21:46:57
3,80.72,1.13,ON,2025-04-29 21:46:57
1,47.53,2.62,ON,2025-04-29 21:47:02
2,41.16,4.99,ON,2025-04-29 21:47:02
3,44.79,3.46,ON,2025-04-29 21:47:02
1,56.21,3.41,ON,2025-04-29 21:47:07
2,43.85,4.74,OFF,2025-04-29 21:47:07
3,34.35,4.3,ON,2025-04-29 21:47:07
1,37.08,5.47,OFF,2025-04-29 21:47:12
2,56.93,5.53,OFF,2025-04-29 21:47:12
3,67.11,3.73,ON,2025-04-29 21:47:12
1,47.29,5.43,ON,2025-04-29 21:47:17
2,36.32,1.12,OFF,2025-04-29 21:47:17
3,55.06,5.98,ON,2025-04-29 21:47:17
1,80.94,3.31,ON,2025-04-29 21:47:22
2,45.83,1.16,ON,2025-04-29 21:47:22
3,30.32,2.37,ON,2025-04-29 21:47:22
1,84.37,2.59,ON,2025-04-29 21:47:27
2,84.21,5.2,ON,2025-04-29 21:47:27
3,46.12,1.11,OFF,2025-04-29 21:47:27
1,45.39,5.17,ON,2025-04-29 21:47:32
2,72.13,2.19,ON,2025-04-29 21:47:32
3,65.2,5.58,ON,2025-04-29 21:47:32
1,56.15,3.91,ON,2025-04-29 21:47:37
2,68.66,1.88,ON,2025-04-29 21:47:37
3,69.79,3.36,OFF,2025-04-29 21:47:37
1,44.3,3.79,OFF,2025-04-29 21:47:42
2,66.97,4.1,ON,2025-04-29 21:47:42
3,38.49,1.83,OFF,2025-04-29 21:47:42
1,41.64,3.67,ON,2025-04-29 21:47:47
2,59.19,2.24,OFF,2025-04-29 21:47:47
3,59.74,5.97,OFF,2025-04-29 21:47:47
1,70.07,4.73,ON,2025-04-29 21:47:52
2,48.74,4.71,ON,2025-04-29 21:47:52
3,75.78,3.29,ON,2025-04-29 21:47:52
1,60.01,3.04,ON,2025-04-29 21:47:57
2,44.53,5.2,ON,2025-04-29 21:47:57
3,62.65,2.27,OFF,2025-04-29 21:47:57
1,66.07,5.74,ON,2025-04-29 21:48:02
2,66.85,5.1,OFF,2025-04-29 21:48:02
3,36.86,1.98,ON,2025-04-29 21:48:02
1,46.26,5.37,ON,2025-04-29 21:48:07
2,41.35,5.26,ON,2025-04-29 21:48:07
3,66.01,3.99,OFF,2025-04-29 21:48:07
1,46.5,1.71,OFF,2025-04-29 21:48:12
2,49.02,2.26,ON,2025-04-29 21:48:12
3,45.92,3.86,ON,2025-04-29 21:48:12
1,56.96,4.77,OFF,2025-04-29 21:48:17
2,62.0,2.52,OFF,2025-04-29 21:48:17
3,58.54,3.4,OFF,2025-04-29 21:48:17
1,50.01,3.01,OFF,2025-04-29 21:48:22
2,30.01,4.91,ON,2025-04-29 21:48:22
3,37.7,1.18,OFF,2025-04-29 21:48:22
1,33.95,2.38,OFF,2025-04-29 21:48:27
2,52.52,3.63,ON,2025-04-29 21:48:27
3,70.03,1.51,ON,2025-04-29 21:48:27
1,70.94,5.45,OFF,2025-04-29 21:48:32
2,56.01,5.28,ON,2025-04-29 21:48:32
3,63.12,5.38,OFF,2025-04-29 21:48:32
1,44.95,4.54,OFF,2025-04-29 21:48:37
2,84.68,2.56,OFF,2025-04-29 21:48:37
3,30.62,5.27,ON,2025-04-29 21:48:37
1,87.19,5.72,ON,2025-04-29 21:48:42
2,78.26,5.05,ON,2025-04-29 21:48:42
3,39.72,3.11,ON,2025-04-29 21:48:42
1,35.97,1.39,ON,2025-04-29 21:48:47
2,68.36,2.92,ON,2025-04-29 21:48:47
3,86.23,4.83,OFF,2025-04-29 21:48:47
1,35.73,2.01,ON,2025-04-29 21:48:52
2,33.06,2.33,OFF,2025-04-29 21:48:52
3,83.89,3.07,OFF,2025-04-29 21:48:52
1,36.28,5.1,ON,2025-04-29 21:48:57
2,73.53,4.43,ON,2025-04-29 21:48:57
3,39.12,5.91,OFF,2025-04-29 21:48:57
1,52.89,2.42,OFF,2025-04-29 21:49:02
2,75.43,3.07,OFF,2025-04-29 21:49:02
3,78.64,4.33,OFF,2025-04-29 21:49:02
1,37.56,2.69,OFF,2025-04-29 21:49:07
2,60.51,5.75,ON,2025-04-29 21:49:07
3,85.44,4.34,OFF,2025-04-29 21:49:07
1,54.8,3.86,OFF,2025-04-29 21:49:12
2,55.29,1.48,OFF,2025-04-29 21:49:12
3,46.19,2.83,OFF,2025-04-29 21:49:12
1,87.09,1.71,OFF,2025-04-29 21:49:17
2,37.29,4.08,OFF,2025-04-29 21:49:17
3,66.86,4.77,ON,2025-04-29 21:49:17
1,79.95,1.51,OFF,2025-04-29 21:49:22
2,35.07,4.14,ON,2025-04-29 21:49:22
3,82.78,1.28,ON,2025-04-29 21:49:22
1,74.84,2.13,ON,2025-04-29 21:49:27
2,64.11,1.01,OFF,2025-04-29 21:49:27
3,47.26,5.4,OFF,2025-04-29 21:49:27
1,55.58,5.67,OFF,2025-04-29 21:49:32
2,39.08,5.76,ON,2025-04-29 21:49:32
3,64.45,5.19,OFF,2025-04-29 21:49:32
1,34.13,4.9,OFF,2025-04-29 21:49:37
2,63.37,3.11,OFF,2025-04-29 21:49:37
3,51.26,2.15,OFF,2025-04-29 21:49:37
1,47.26,4.1,OFF,2025-04-29 21:49:42
2,66.23,3.93,OFF,2025-04-29 21:49:42
3,39.12,5.17,OFF,2025-04-29 21:49:42
1,37.2,4.41,OFF,2025-04-29 21:49:47
2,30.55,1.17,OFF,2025-04-29 21:49:47
3,78.73,5.03,ON,2025-04-29 21:49:47
1,72.95,3.99,ON,2025-04-29 21:49:52
2,52.99,4.21,OFF,2025-04-29 21:49:52
3,45.1,3.9,OFF,2025-04-29 21:49:52
1,85.63,2.46,ON,2025-04-29 21:49:57
2,55.79,5.88,OFF,2025-04-29 21:49:57
3,71.27,1.94,ON,2025-04-29 21:49:57
1,50.87,5.44,ON,2025-04-29 21:50:02
2,67.05,5.26,ON,2025-04-29 21:50:02
3,81.63,5.77,ON,2025-04-29 21:50:02
1,56.94,1.47,OFF,2025-04-29 21:50:07
2,39.03,3.4,OFF,2025-04-29 21:50:07
3,62.89,5.08,ON,2025-04-29 21:50:07
1,58.0,4.61,ON,2025-04-29 21:50:12
2,37.36,3.97,ON,2025-04-29 21:50:12
3,45.95,2.78,ON,2025-04-29 21:50:12
1,44.86,3.47,ON,2025-04-29 21:50:17
2,34.01,4.02,OFF,2025-04-29 21:50:17
3,52.0,3.01,OFF,2025-04-29 21:50:17
1,78.39,4.15,ON,2025-04-29 21:50:22
2,56.11,3.18,OFF,2025-04-29 21:50:22
3,50.24,5.32,OFF,2025-04-29 21:50:22
1,59.66,5.66,OFF,2025-04-29 21:50:27
2,80.93,5.77,ON,2025-04-29 21:50:27
3,89.86,1.12,OFF,2025-04-29 21:50:27
1,86.26,2.64,ON,2025-04-29 21:50:32
2,44.42,5.83,ON,2025-04-29 21:50:32
3,70.75,5.64,ON,2025-04-29 21:50:32
1,77.98,1.52,OFF,2025-04-29 21:50:37
2,85.52,3.12,ON,2025-04-29 21:50:37
3,45.45,4.97,OFF,2025-04-29 21:50:37
1,51.29,5.87,ON,2025-04-29 21:50:42
2,36.75,1.42,ON,2025-04-29 21:50:42
3,31.42,3.97,OFF,2025-04-29 21:50:42
1,84.34,2.78,OFF,2025-04-29 21:50:47
2,79.21,5.91,ON,2025-04-29 21:50:47
3,37.03,3.67,OFF,2025-04-29 21:50:47
1,32.71,4.1,ON,2025-04-29 21:50:52
2,56.68,4.06,OFF,2025-04-29 21:50:52
3,79.31,5.07,OFF,2025-04-29 21:50:52
1,82.45,5.52,ON,2025-04-29 21:50:57
2,57.28,3.53,ON,2025-04-29 21:50:57
3,67.54,2.53,OFF,2025-04-29 21:50:57
1,41.13,5.42,ON,2025-04-29 21:51:02
2,38.82,3.97,ON,2025-04-29 21:51:02
3,88.4,2.52,OFF,2025-04-29 21:51:02
1,33.29,5.48,OFF,2025-04-29 21:51:07
2,75.74,3.95,ON,2025-04-29 21:51:07
3,69.3,4.82,ON,2025-04-29 21:51:07
1,40.11,2.91,OFF,2025-04-29 21:51:12
2,31.14,2.96,ON,2025-04-29 21:51:12
3,59.43,3.09,OFF,2025-04-29 21:51:12
1,39.22,5.18,ON,2025-04-29 21:51:17
2,70.31,1.52,ON,2025-04-29 21:51:17
3,42.4,3.69,OFF,2025-04-29 21:51:17
1,47.67,5.1,ON,2025-04-29 21:51:22
2,34.61,3.87,OFF,2025-04-29 21:51:22
3,46.15,4.73,OFF,2025-04-29 21:51:22
1,30.49,4.22,ON,2025-04-29 21:51:27
2,57.21,2.7,ON,2025-04-29 21:51:27
3,60.29,1.33,OFF,2025-04-29 21:51:27
1,64.26,3.81,ON,2025-04-29 21:51:32
2,66.77,4.39,OFF,2025-04-29 21:51:32
3,56.12,1.54,OFF,2025-04-29 21:51:32
1,71.53,2.47,OFF,2025-04-29 21:51:37
2,48.02,5.62,OFF,2025-04-29 21:51:37
3,30.53,2.03,ON,2025-04-29 21:51:37
1,77.55,1.95,OFF,2025-04-29 21:51:42
2,74.64,3.53,ON,2025-04-29 21:51:42
3,81.79,1.96,OFF,2025-04-29 21:51:42
1,46.97,3.18,OFF,2025-04-29 21:51:47
2,56.49,4.84,OFF,2025-04-29 21:51:47
3,65.88,5.23,OFF,2025-04-29 21:51:47
1,65.57,5.02,ON,2025-04-29 21:51:52
2,80.44,3.62,ON,2025-04-29 21:51:52
3,70.38,4.64,ON,2025-04-29 21:51:52
1,89.12,5.23,ON,2025-04-29 21:51:57
2,56.86,3.47,OFF,2025-04-29 21:51:57
3,89.21,4.67,ON,2025-04-29 21:51:57
1,50.5,3.03,OFF,2025-04-29 21:52:02
2,42.49,2.26,ON,2025-04-29 21:52:02
3,78.21,4.27,ON,2025-04-29 21:52:02
1,31.05,2.58,OFF,2025-04-29 21:52:07
2,48.09,4.59,OFF,2025-04-29 21:52:07
3,44.3,4.98,ON,2025-04-29 21:52:07
1,48.22,3.14,ON,2025-04-29 21:52:12
2,81.51,5.72,OFF,2025-04-29 21:52:12
3,63.01,5.45,ON,2025-04-29 21:52:12
1,53.91,2.03,ON,2025-04-29 21:52:17
2,67.52,5.02,ON,2025-04-29 21:52:17
3,77.02,2.51,OFF,2025-04-29 21:52:17
1,47.02,2.49,ON,2025-04-29 21:52:22
2,63.0,3.91,OFF,2025-04-29 21:52:22
3,56.07,5.61,OFF,2025-04-29 21:52:22
1,53.5,4.35,OFF,2025-04-29 21:52:27
2,69.79,4.69,ON,2025-04-29 21:52:27
3,82.39,2.3,OFF,2025-04-29 21:52:27
1,80.09,3.41,OFF,2025-04-29 21:52:32
2,53.3,5.62,OFF,2025-04-29 21:52:32
3,44.72,2.25,OFF,2025-04-29 21:52:32
1,82.62,5.45,OFF,2025-04-29 21:52:37
2,63.08,4.2,ON,2025-04-29 21:52:37
3,41.82,1.42,OFF,2025-04-29 21:52:37
1,64.01,5.63,OFF,2025-04-29 21:52:42
2,83.05,3.64,ON,2025-04-29 21:52:42
3,71.7,3.64,ON,2025-04-29 21:52:42
1,88.05,3.74,ON,2025-04-29 21:52:47
2,78.28,3.41,OFF,2025-04-29 21:52:47
3,53.66,5.77,OFF,2025-04-29 21:52:47
1,42.38,3.74,OFF,2025-04-29 21:52:52
2,63.61,3.16,ON,2025-04-29 21:52:52
3,77.91,2.17,OFF,2025-04-29 21:52:52
1,83.89,4.81,ON,2025-04-29 21:52:57
2,50.46,4.6,ON,2025-04-29 21:52:57
3,39.92,2.63,ON,2025-04-29 21:52:57
1,36.0,2.71,ON,2025-04-29 21:53:02
2,49.83,3.43,ON,2025-04-29 21:53:02
3,37.22,5.13,OFF,2025-04-29 21:53:02
1,59.53,4.75,OFF,2025-04-29 21:53:07
2,53.92,1.22,ON,2025-04-29 21:53:07
3,86.36,5.44,OFF,2025-04-29 21:53:07
1,89.41,4.78,ON,2025-04-29 21:53:12
2,57.71,4.08,ON,2025-04-29 21:53:12
3,81.97,5.95,ON,2025-04-29 21:53:12
1,37.84,5.65,ON,2025-04-29 21:53:17
2,62.34,4.05,OFF,2025-04-29 21:53:17
3,32.89,2.38,ON,2025-04-29 21:53:17
1,89.39,1.26,OFF,2025-04-29 21:53:22
2,83.21,4.47,ON,2025-04-29 21:53:22
3,87.57,3.92,ON,2025-04-29 21:53:22
1,45.23,2.78,OFF,2025-04-29 21:53:27
2,45.65,2.38,ON,2025-04-29 21:53:27
3,55.5,4.27,ON,2025-04-29 21:53:27
1,82.28,2.45,ON,2025-04-29 21:53:32
2,67.4,2.07,ON,2025-04-29 21:53:33
3,86.94,5.68,ON,2025-04-29 21:53:33
1,72.48,5.41,ON,2025-04-29 21:53:38
2,49.37,1.79,OFF,2025-04-29 21:53:38
3,57.13,1.47,OFF,2025-04-29 21:53:38
1,82.94,4.52,OFF,2025-04-29 21:53:43
2,82.49,5.46,OFF,2025-04-29 21:53:43
3,87.81,5.77,ON,2025-04-29 21:53:43
1,50.68,1.35,OFF,2025-04-29 21:53:48
2,68.49,2.62,OFF,2025-04-29 21:53:48
3,50.6,3.0,OFF,2025-04-29 21:53:48
1,88.05,3.12,ON,2025-04-29 21:53:53
2,67.33,1.2,OFF,2025-04-29 21:53:53
3,38.96,1.29,ON,2025-04-29 21:53:53
1,72.24,3.87,ON,2025-04-29 21:53:58
2,34.08,5.78,OFF,2025-04-29 21:53:58
3,69.67,4.02,OFF,2025-04-29 21:53:58
1,44.66,4.9,ON,2025-04-29 21:54:03
2,37.0,2.38,OFF,2025-04-29 21:54:03
3,57.44,3.85,OFF,2025-04-29 21:54:03
1,60.13,5.84,OFF,2025-04-29 21:54:08
2,88.29,4.08,OFF,2025-04-29 21:54:08
3,35.11,1.65,ON,2025-04-29 21:54:08
1,47.25,4.05,OFF,2025-04-29 21:54:13
2,61.86,4.6,ON,2025-04-29 21:54:13
3,53.45,5.99,ON,2025-04-29 21:54:13
1,48.79,5.17,ON,2025-04-29 21:54:18
2,62.84,4.7,ON,2025-04-29 21:54:18
3,58.74,5.74,ON,2025-04-29 21:54:18
1,85.82,4.07,ON,2025-04-29 21:54:23
2,61.33,4.37,OFF,2025-04-29 21:54:23
3,34.75,1.6,OFF,2025-04-29 21:54:23
1,74.11,5.35,OFF,2025-04-29 21:54:28
2,39.82,1.81,OFF,2025-04-29 21:54:28
3,46.86,2.34,ON,2025-04-29 21:54:28
1,30.72,2.72,OFF,2025-04-29 21:54:33
2,77.25,1.83,OFF,2025-04-29 21:54:33
3,87.42,4.03,ON,2025-04-29 21:54:33
1,66.01,2.65,OFF,2025-04-29 21:54:38
2,74.42,1.27,ON,2025-04-29 21:54:38
3,51.25,3.25,ON,2025-04-29 21:54:38
1,34.41,5.41,OFF,2025-04-29 21:54:43
2,51.23,5.68,ON,2025-04-29 21:54:43
3,62.47,5.48,ON,2025-04-29 21:54:43
1,60.57,2.15,ON,2025-04-29 21:54:48
2,75.13,1.38,OFF,2025-04-29 21:54:48
3,52.53,2.97,OFF,2025-04-29 21:54:48
1,60.09,1.07,OFF,2025-04-29 21:54:53
2,69.65,5.81,ON,2025-04-29 21:54:53
3,74.73,2.92,ON,2025-04-29 21:54:53
1,69.96,4.74,ON,2025-04-29 21:54:58
2,61.87,2.63,ON,2025-04-29 21:54:58
3,39.51,2.42,OFF,2025-04-29 21:54:58
1,47.34,5.91,OFF,2025-04-29 21:55:03
2,46.67,4.84,OFF,2025-04-29 21:55:03
3,40.18,3.44,OFF,2025-04-29 21:55:03
1,88.09,5.94,OFF,2025-04-29 21:55:08
2,48.09,5.89,ON,2025-04-29 21:55:08
3,72.57,4.48,ON,2025-04-29 21:55:08
1,84.44,2.42,ON,2025-04-29 21:55:13
2,89.18,3.45,ON,2025-04-29 21:55:13
3,52.29,5.76,OFF,2025-04-29 21:55:13
1,36.58,5.68,ON,2025-04-29 21:55:18
2,43.11,3.92,OFF,2025-04-29 21:55:18
3,81.45,2.18,ON,2025-04-29 21:55:18
1,85.03,5.51,OFF,2025-04-29 21:55:23
2,51.39,2.97,OFF,2025-04-29 21:55:23
3,61.32,4.13,OFF,2025-04-29 21:55:23
1,85.44,2.33,ON,2025-04-29 21:55:28
2,34.5,3.61,OFF,2025-04-29 21:55:28
3,89.22,2.08,OFF,2025-04-29 21:55:28
1,66.86,2.71,OFF,2025-04-29 21:55:33
2,33.38,4.7,ON,2025-04-29 21:55:33
3,56.52,2.25,OFF,2025-04-29 21:55:33
1,68.26,2.45,ON,2025-04-29 21:55:38
2,54.77,3.94,OFF,2025-04-29 21:55:38
3,39.15,4.74,ON,2025-04-29 21:55:38
1,40.72,2.63,ON,2025-04-29 21:55:43
2,46.91,1.87,OFF,2025-04-29 21:55:43
3,66.96,1.09,OFF,2025-04-29 21:55:43
1,53.76,5.99,ON,2025-04-29 21:55:48
2,44.75,1.95,ON,2025-04-29 21:55:48
3,49.79,5.36,OFF,2025-04-29 21:55:48
1,88.56,4.2,OFF,2025-04-29 21:55:53
2,30.08,3.49,OFF,2025-04-29 21:55:53
3,31.94,4.1,OFF,2025-04-29 21:55:53
1,83.83,4.1,OFF,2025-04-29 21:55:58
2,49.27,5.81,OFF,2025-04-29 21:55:58
3,83.0,1.34,OFF,2025-04-29 21:55:58
1,80.05,5.0,OFF,2025-04-29 21:56:03
2,72.98,5.17,OFF,2025-04-29 21:56:03
3,40.68,4.44,ON,2025-04-29 21:56:03
1,61.12,2.53,OFF,2025-04-29 21:56:08
2,71.92,4.74,OFF,2025-04-29 21:56:08
3,64.09,2.99,OFF,2025-04-29 21:56:08
1,62.71,3.84,OFF,2025-04-29 21:56:13
2,65.56,5.93,ON,2025-04-29 21:56:13
3,32.21,4.02,ON,2025-04-29 21:56:13
1,54.42,4.06,ON,2025-04-29 21:56:18
2,81.81,3.53,OFF,2025-04-29 21:56:18
3,60.68,5.42,OFF,2025-04-29 21:56:18
1,46.53,1.18,OFF,2025-04-29 21:56:23
2,37.23,5.28,ON,2025-04-29 21:56:23
3,85.23,2.52,ON,2025-04-29 21:56:23
1,75.42,1.51,ON,2025-04-29 21:56:28
2,72.87,4.58,ON,2025-04-29 21:56:28
3,76.38,4.41,OFF,2025-04-29 21:56:28
1,31.62,1.35,ON,2025-04-29 21:56:33
2,82.63,5.59,ON,2025-04-29 21:56:33
3,52.33,1.25,OFF,2025-04-29 21:56:33
1,77.24,2.26,ON,2025-04-29 21:56:38
2,62.74,2.93,ON,2025-04-29 21:56:38
3,73.31,5.67,OFF,2025-04-29 21:56:38
1,48.19,4.17,OFF,2025-04-29 21:56:43
2,35.47,1.52,ON,2025-04-29 21:56:43
3,34.86,3.86,ON,2025-04-29 21:56:43
1,51.96,5.73,ON,2025-04-29 21:56:48
2,66.87,2.44,OFF,2025-04-29 21:56:48
3,36.03,3.65,OFF,2025-04-29 21:56:48
1,80.55,4.11,ON,2025-04-29 21:56:53
2,37.2,4.81,OFF,2025-04-29 21:56:53
3,87.54,3.75,ON,2025-04-29 21:56:53
1,50.74,4.2,OFF,2025-04-29 21:56:58
2,72.51,1.72,ON,2025-04-29 21:56:58
3,71.91,3.36,ON,2025-04-29 21:56:58
1,82.47,2.34,ON,2025-04-29 21:57:03
2,48.77,2.29,OFF,2025-04-29 21:57:03
3,72.0,2.38,OFF,2025-04-29 21:57:03
1,36.06,1.26,OFF,2025-04-29 21:57:08
2,63.35,2.86,OFF,2025-04-29 21:57:08
3,79.57,4.68,ON,2025-04-29 21:57:08
1,86.35,1.01,ON,2025-04-29 21:57:13
2,88.67,3.27,ON,2025-04-29 21:57:13
3,55.85,4.04,OFF,2025-04-29 21:57:13
1,82.12,2.18,ON,2025-04-29 21:57:18
2,36.34,4.93,OFF,2025-04-29 21:57:18
3,51.29,3.15,OFF,2025-04-29 21:57:18
1,76.11,3.82,OFF,2025-04-29 21:57:23
2,42.51,5.22,ON,2025-04-29 21:57:23
3,87.67,2.48,ON,2025-04-29 21:57:23
1,59.95,2.86,ON,2025-04-29 21:57:28
2,58.79,5.62,OFF,2025-04-29 21:57:28
3,60.8,2.37,ON,2025-04-29 21:57:28
1,47.27,2.8,OFF,2025-04-29 21:57:33
2,49.94,5.36,OFF,2025-04-29 21:57:33
3,86.35,1.53,OFF,2025-04-29 21:57:33
1,44.25,3.23,ON,2025-04-29 21:57:38
2,79.17,5.27,ON,2025-04-29 21:57:38
3,79.73,2.43,ON,2025-04-29 21:57:38
1,71.93,3.45,ON,2025-04-29 21:57:43
2,87.45,3.11,ON,2025-04-29 21:57:43
3,45.56,5.31,OFF,2025-04-29 21:57:43
1,43.12,2.81,OFF,2025-04-29 21:57:48
2,59.05,4.83,OFF,2025-04-29 21:57:48
3,48.45,3.73,OFF,2025-04-29 21:57:48
1,54.51,1.62,OFF,2025-04-29 21:57:53
2,68.6,1.86,OFF,2025-04-29 21:57:53
3,70.65,3.31,ON,2025-04-29 21:57:53
1,81.58,5.63,ON,2025-04-29 21:57:58
2,41.89,1.37,OFF,2025-04-29 21:57:58
3,48.15,5.8,OFF,2025-04-29 21:57:58
1,80.7,5.89,OFF,2025-04-29 21:58:03
2,30.82,5.99,OFF,2025-04-29 21:58:03
3,38.67,3.43,ON,2025-04-29 21:58:03
1,59.7,4.2,OFF,2025-04-29 21:58:08
2,61.58,4.94,OFF,2025-04-29 21:58:08
3,38.2,5.57,OFF,2025-04-29 21:58:08
1,36.18,2.91,OFF,2025-04-29 21:58:13
2,86.42,3.43,OFF,2025-04-29 21:58:13
3,54.2,5.37,ON,2025-04-29 21:58:13
1,37.57,3.43,OFF,2025-04-29 21:58:18
2,58.37,3.23,ON,2025-04-29 21:58:18
3,39.53,2.17,OFF,2025-04-29 21:58:18
1,59.95,5.07,OFF,2025-04-29 21:58:23
2,72.96,4.4,ON,2025-04-29 21:58:23
3,79.22,3.06,ON,2025-04-29 21:58:23
1,65.52,2.84,OFF,2025-04-29 21:58:28
2,69.14,1.16,OFF,2025-04-29 21:58:28
3,44.64,2.84,ON,2025-04-29 21:58:28
1,81.93,4.03,OFF,2025-04-29 21:58:33
2,38.81,1.25,ON,2025-04-29 21:58:33
3,77.77,3.97,OFF,2025-04-29 21:58:33
1,53.54,2.85,ON,2025-04-29 21:58:38
2,89.37,5.64,ON,2025-04-29 21:58:38
3,53.87,4.36,ON,2025-04-29 21:58:38
1,85.5,5.27,OFF,2025-04-29 21:58:43
2,80.58,3.26,OFF,2025-04-29 21:58:43
3,86.02,1.19,OFF,2025-04-29 21:58:43
1,65.05,2.94,OFF,2025-04-29 21:58:48
2,31.57,2.79,ON,2025-04-29 21:58:48
3,59.8,1.98,ON,2025-04-29 21:58:48
1,41.88,2.62,ON,2025-04-29 21:58:53
2,74.4,2.58,ON,2025-04-29 21:58:53
3,59.33,3.71,OFF,2025-04-29 21:58:53
1,54.97,2.62,OFF,2025-04-29 21:58:58
2,42.0,1.78,ON,2025-04-29 21:58:58
3,66.26,5.72,ON,2025-04-29 21:58:58
1,66.35,5.57,ON,2025-04-29 21:59:03
2,84.44,3.89,OFF,2025-04-29 21:59:03
3,82.32,5.65,OFF,2025-04-29 21:59:03
1,67.69,5.55,ON,2025-04-29 21:59:08
2,51.14,5.13,ON,2025-04-29 21:59:08
3,66.07,3.44,ON,2025-04-29 21:59:08
1,66.37,1.16,ON,2025-04-29 21:59:13
2,74.72,2.17,OFF,2025-04-29 21:59:13
3,42.07,5.23,ON,2025-04-29 21:59:13
1,39.64,2.24,OFF,2025-04-29 21:59:18
2,73.73,2.69,OFF,2025-04-29 21:59:18
3,38.54,3.92,OFF,2025-04-29 21:59:18
1,33.19,1.07,OFF,2025-04-29 21:59:23
2,42.38,4.16,OFF,2025-04-29 21:59:23
3,55.72,2.44,OFF,2025-04-29 21:59:23
1,35.96,5.22,OFF,2025-04-29 21:59:28
2,66.54,5.08,ON,2025-04-29 21:59:28
3,89.55,3.23,ON,2025-04-29 21:59:28
1,86.11,1.83,OFF,2025-04-29 21:59:33
2,47.87,3.93,OFF,2025-04-29 21:59:33
3,52.43,2.18,OFF,2025-04-29 21:59:33
1,86.61,5.45,OFF,2025-04-29 21:59:38
2,54.22,1.19,OFF,2025-04-29 21:59:38
3,50.84,2.41,OFF,2025-04-29 21:59:38
1,66.46,5.5,ON,2025-04-29 21:59:43
2,35.46,5.02,OFF,2025-04-29 21:59:43
3,47.36,4.94,OFF,2025-04-29 21:59:43
1,51.7,2.68,OFF,2025-04-29 21:59:48
2,68.75,5.7,ON,2025-04-29 21:59:48
3,32.84,5.87,ON,2025-04-29 21:59:48
1,84.59,4.29,OFF,2025-04-29 21:59:53
2,47.54,1.57,OFF,2025-04-29 21:59:53
3,35.15,4.25,OFF,2025-04-29 21:59:53
1,39.81,4.16,ON,2025-04-29 21:59:58
2,56.9,4.37,ON,2025-04-29 21:59:58
3,81.37,5.45,OFF,2025-04-29 21:59:58
1,76.63,4.56,OFF,2025-04-29 22:00:03
2,81.85,1.33,OFF,2025-04-29 22:00:03
3,37.74,5.4,OFF,2025-04-29 22:00:03
1,49.95,3.77,OFF,2025-04-29 22:00:08
2,61.47,1.11,OFF,2025-04-29 22:00:08
3,67.79,2.44,ON,2025-04-29 22:00:08
1,45.92,2.69,ON,2025-04-29 22:00:13
2,60.99,2.13,OFF,2025-04-29 22:00:13
3,71.71,3.03,OFF,2025-04-29 22:00:13
1,77.7,5.32,OFF,2025-04-29 22:00:18
2,78.01,4.38,OFF,2025-04-29 22:00:18
3,69.97,5.29,OFF,2025-04-29 22:00:18
1,78.21,2.69,OFF,2025-04-29 22:00:23
2,87.09,4.5,OFF,2025-04-29 22:00:23
3,46.54,2.58,OFF,2025-04-29 22:00:23
1,80.71,5.94,OFF,2025-04-29 22:00:28
2,72.76,3.55,OFF,2025-04-29 22:00:28
3,74.67,5.87,OFF,2025-04-29 22:00:28
1,70.79,3.23,ON,2025-04-29 22:00:33
2,31.28,4.88,ON,2025-04-29 22:00:33
3,50.78,3.14,ON,2025-04-29 22:00:33
1,47.97,3.56,ON,2025-04-29 22:00:38
2,43.57,2.13,OFF,2025-04-29 22:00:38
3,41.96,5.34,ON,2025-04-29 22:00:38
1,63.62,4.59,ON,2025-04-29 22:00:43
2,71.56,5.45,OFF,2025-04-29 22:00:43
3,75.49,2.35,ON,2025-04-29 22:00:43
1,46.73,1.28,OFF,2025-04-29 22:00:48
2,53.07,3.58,OFF,2025-04-29 22:00:48
3,84.33,2.26,ON,2025-04-29 22:00:48
1,58.8,1.64,OFF,2025-04-29 22:00:53
2,82.41,4.49,OFF,2025-04-29 22:00:53
3,64.63,4.18,OFF,2025-04-29 22:00:53
1,71.74,3.31,OFF,2025-04-29 22:00:58
2,59.96,4.27,OFF,2025-04-29 22:00:58
3,65.78,3.54,OFF,2025-04-29 22:00:58
1,71.84,5.84,OFF,2025-04-29 22:01:03
2,48.51,3.45,ON,2025-04-29 22:01:03
3,88.19,1.73,ON,2025-04-29 22:01:03
1,75.94,2.95,OFF,2025-04-29 22:01:09
2,60.4,4.15,OFF,2025-04-29 22:01:09
3,40.31,3.66,ON,2025-04-29 22:01:09
1,45.7,1.5,OFF,2025-04-29 22:01:14
2,49.13,2.43,OFF,2025-04-29 22:01:14
3,53.22,5.93,OFF,2025-04-29 22:01:14
1,59.26,3.89,OFF,2025-04-29 22:01:19
2,81.62,5.95,OFF,2025-04-29 22:01:19
3,35.94,2.48,OFF,2025-04-29 22:01:19
1,53.77,2.07,OFF,2025-04-29 22:01:24
2,37.46,4.19,OFF,2025-04-29 22:01:24
3,77.8,2.56,OFF,2025-04-29 22:01:24
1,43.77,4.69,OFF,2025-04-29 22:01:29
2,31.64,5.16,ON,2025-04-29 22:01:29
3,45.91,1.64,ON,2025-04-29 22:01:29
1,41.53,5.93,OFF,2025-04-29 22:01:34
2,76.99,1.17,ON,2025-04-29 22:01:34
3,31.12,5.33,OFF,2025-04-29 22:01:34
1,33.34,5.09,ON,2025-04-29 22:01:39
2,43.37,4.01,ON,2025-04-29 22:01:39
3,89.35,2.99,OFF,2025-04-29 22:01:39
1,89.76,3.07,ON,2025-04-29 22:01:44
2,68.26,4.17,ON,2025-04-29 22:01:44
3,66.54,5.36,ON,2025-04-29 22:01:44
1,52.56,2.44,ON,2025-04-29 22:01:49
2,36.63,1.71,ON,2025-04-29 22:01:49
3,64.47,4.59,OFF,2025-04-29 22:01:49
1,76.41,5.99,OFF,2025-04-29 22:01:54
2,75.14,2.47,ON,2025-04-29 22:01:54
3,40.38,4.31,OFF,2025-04-29 22:01:54
1,78.76,4.55,OFF,2025-04-29 22:01:59
2,48.99,3.21,ON,2025-04-29 22:01:59
3,88.3,4.43,ON,2025-04-29 22:01:59
1,79.64,2.35,ON,2025-04-29 22:02:04
2,56.36,5.35,OFF,2025-04-29 22:02:04
3,89.18,2.24,ON,2025-04-29 22:02:04
1,69.75,3.1,ON,2025-04-29 22:02:09
2,39.96,5.34,OFF,2025-04-29 22:02:09
3,64.09,1.04,ON,2025-04-29 22:02:09
1,86.61,5.66,OFF,2025-04-29 22:02:14
2,48.05,5.87,ON,2025-04-29 22:02:14
3,66.2,3.19,ON,2025-04-29 22:02:14
1,66.85,2.84,OFF,2025-04-29 22:02:19
2,73.3,5.53,ON,2025-04-29 22:02:19
3,73.42,3.25,ON,2025-04-29 22:02:19
1,62.02,2.09,ON,2025-04-29 22:02:24
2,63.34,1.84,OFF,2025-04-29 22:02:24
3,38.96,4.33,ON,2025-04-29 22:02:24
1,65.12,5.07,ON,2025-04-29 22:02:29
2,73.61,4.67,ON,2025-04-29 22:02:29
3,68.35,2.5,ON,2025-04-29 22:02:29
1,43.78,5.75,OFF,2025-04-29 22:02:34
2,86.2,5.97,OFF,2025-04-29 22:02:34
3,75.31,3.98,ON,2025-04-29 22:02:34
1,45.27,5.81,ON,2025-04-29 22:02:39
2,85.81,2.19,OFF,2025-04-29 22:02:39
3,46.08,1.26,ON,2025-04-29 22:02:39
1,66.34,4.05,ON,2025-04-29 22:02:44
2,32.01,2.38,OFF,2025-04-29 22:02:44
3,62.62,1.01,ON,2025-04-29 22:02:44
1,32.35,4.93,ON,2025-04-29 22:02:49
2,37.33,1.31,OFF,2025-04-29 22:02:49
3,44.53,1.06,OFF,2025-04-29 22:02:49
1,58.51,5.47,OFF,2025-04-29 22:02:54
2,78.44,2.33,ON,2025-04-29 22:02:54
3,50.1,4.26,OFF,2025-04-29 22:02:54
1,82.75,1.14,ON,2025-04-29 22:02:59
2,79.73,4.01,ON,2025-04-29 22:02:59
3,34.18,1.27,ON,2025-04-29 22:02:59
1,30.51,4.06,ON,2025-04-29 22:03:04
2,48.23,4.46,OFF,2025-04-29 22:03:04
3,86.27,1.38,ON,2025-04-29 22:03:04
1,67.1,4.87,ON,2025-04-29 22:03:09
2,69.77,2.35,ON,2025-04-29 22:03:09
3,39.0,1.5,ON,2025-04-29 22:03:09
1,56.74,2.01,ON,2025-04-29 22:03:14
2,68.56,5.48,ON,2025-04-29 22:03:14
3,77.51,3.68,ON,2025-04-29 22:03:14
1,43.18,5.93,ON,2025-04-29 22:03:19
2,59.86,5.9,ON,2025-04-29 22:03:19
3,52.4,1.69,OFF,2025-04-29 22:03:19
1,34.89,4.2,OFF,2025-04-29 22:03:24
2,77.05,2.76,ON,2025-04-29 22:03:24
3,41.46,4.2,ON,2025-04-29 22:03:24
1,35.39,1.22,ON,2025-04-29 22:03:29
2,39.58,5.45,ON,2025-04-29 22:03:29
3,37.02,2.13,OFF,2025-04-29 22:03:29
1,44.88,4.96,ON,2025-04-29 22:03:34
2,82.34,1.72,ON,2025-04-29 22:03:34
3,35.68,2.94,OFF,2025-04-29 22:03:34
1,65.39,1.61,ON,2025-04-29 22:03:39
2,60.11,5.96,OFF,2025-04-29 22:03:39
3,63.7,4.7,ON,2025-04-29 22:03:39
1,30.11,3.91,OFF,2025-04-29 22:03:44
2,58.35,5.66,OFF,2025-04-29 22:03:44
3,85.66,5.21,ON,2025-04-29 22:03:44
1,65.11,3.68,OFF,2025-04-29 22:03:49
2,43.42,2.76,OFF,2025-04-29 22:03:49
3,79.69,4.01,ON,2025-04-29 22:03:49
1,37.82,2.78,ON,2025-04-29 22:03:54
2,33.7,4.99,ON,2025-04-29 22:03:54
3,68.51,2.54,ON,2025-04-29 22:03:54
1,44.36,2.37,OFF,2025-04-29 22:03:59
2,66.43,2.05,ON,2025-04-29 22:03:59
3,52.79,2.14,ON,2025-04-29 22:03:59
1,43.39,1.08,OFF,2025-04-29 22:04:04
2,67.94,1.05,OFF,2025-04-29 22:04:04
3,59.67,2.38,ON,2025-04-29 22:04:04
1,80.51,1.12,OFF,2025-04-29 22:04:09
2,41.36,4.18,OFF,2025-04-29 22:04:09
3,81.08,5.37,ON,2025-04-29 22:04:09
1,71.13,2.67,ON,2025-04-29 22:04:14
2,45.4,2.26,ON,2025-04-29 22:04:14
3,76.52,2.33,ON,2025-04-29 22:04:14
1,46.71,1.37,ON,2025-04-29 22:04:19
2,60.93,5.49,OFF,2025-04-29 22:04:19
3,89.63,3.02,OFF,2025-04-29 22:04:19
1,71.55,4.56,ON,2025-04-29 22:04:24
2,82.03,2.44,ON,2025-04-29 22:04:24
3,83.18,4.88,ON,2025-04-29 22:04:24
1,89.21,1.81,OFF,2025-04-29 22:04:29
2,72.48,2.24,OFF,2025-04-29 22:04:29
3,75.06,2.37,OFF,2025-04-29 22:04:29
1,53.74,1.25,ON,2025-04-29 22:04:34
2,82.02,3.74,OFF,2025-04-29 22:04:34
3,43.97,1.02,ON,2025-04-29 22:04:34
1,85.45,3.44,OFF,2025-04-29 22:04:39
2,36.26,4.21,ON,2025-04-29 22:04:39
3,32.78,5.69,ON,2025-04-29 22:04:39
1,82.0,3.65,OFF,2025-04-29 22:04:44
2,52.92,3.16,ON,2025-04-29 22:04:44
3,73.71,4.09,OFF,2025-04-29 22:04:44
1,33.28,5.91,ON,2025-04-29 22:04:49
2,40.39,2.75,OFF,2025-04-29 22:04:49
3,88.31,1.91,OFF,2025-04-29 22:04:49
1,49.73,2.63,ON,2025-04-29 22:04:54
2,57.07,3.13,OFF,2025-04-29 22:04:54
3,65.58,3.66,ON,2025-04-29 22:04:54
1,87.31,4.24,ON,2025-04-29 22:04:59
2,59.78,5.27,ON,2025-04-29 22:04:59
3,55.14,4.52,OFF,2025-04-29 22:04:59
1,64.41,2.66,ON,2025-04-29 22:05:04
2,31.99,3.56,ON,2025-04-29 22:05:04
3,48.35,2.43,OFF,2025-04-29 22:05:04
1,82.08,3.61,ON,2025-04-29 22:05:09
2,39.5,1.69,OFF,2025-04-29 22:05:09
3,37.17,4.03,OFF,2025-04-29 22:05:09
1,79.5,3.92,ON,2025-04-29 22:05:14
2,86.47,4.99,ON,2025-04-29 22:05:14
3,36.87,5.33,OFF,2025-04-29 22:05:14
1,60.63,3.83,OFF,2025-04-29 22:05:19
2,58.69,5.93,ON,2025-04-29 22:05:19
3,82.11,2.42,OFF,2025-04-29 22:05:19
1,33.63,5.87,OFF,2025-04-29 22:05:24
2,41.11,3.46,ON,2025-04-29 22:05:24
3,52.5,1.56,OFF,2025-04-29 22:05:24
1,58.21,5.5,OFF,2025-04-29 22:05:29
2,82.93,5.36,OFF,2025-04-29 22:05:29
3,44.28,5.06,ON,2025-04-29 22:05:29
1,42.45,2.47,ON,2025-04-29 22:05:34
2,61.84,2.34,OFF,2025-04-29 22:05:34
3,44.97,3.31,ON,2025-04-29 22:05:34
1,41.75,3.09,ON,2025-04-29 22:05:39
2,50.78,5.2,OFF,2025-04-29 22:05:39
3,74.69,3.43,OFF,2025-04-29 22:05:39
1,40.51,3.42,OFF,2025-04-29 22:05:44
2,36.3,1.87,ON,2025-04-29 22:05:44
3,81.54,1.2,OFF,2025-04-29 22:05:44
1,87.01,3.3,OFF,2025-04-29 22:05:49
2,45.33,1.47,OFF,2025-04-29 22:05:49
3,54.89,4.75,ON,2025-04-29 22:05:49
1,58.91,2.14,ON,2025-04-29 22:05:54
2,52.35,1.7,OFF,2025-04-29 22:05:54
3,53.35,4.11,ON,2025-04-29 22:05:54
1,66.04,3.77,ON,2025-04-29 22:05:59
2,40.12,5.33,OFF,2025-04-29 22:05:59
3,59.5,1.38,OFF,2025-04-29 22:05:59
1,78.27,1.11,OFF,2025-04-29 22:06:04
2,63.95,5.26,ON,2025-04-29 22:06:04
3,66.14,2.8,ON,2025-04-29 22:06:04
1,73.32,1.68,ON,2025-04-29 22:06:09
2,35.06,3.83,ON,2025-04-29 22:06:09
3,58.16,3.61,ON,2025-04-29 22:06:09
1,60.86,3.81,OFF,2025-04-29 22:06:14
2,59.06,2.01,OFF,2025-04-29 22:06:14
3,71.31,4.43,ON,2025-04-29 22:06:14
1,49.64,1.38,OFF,2025-04-29 22:06:19
2,55.88,2.27,ON,2025-04-29 22:06:19
3,41.0,2.15,OFF,2025-04-29 22:06:19
1,73.73,2.22,ON,2025-04-29 22:06:24
2,34.56,2.78,OFF,2025-04-29 22:06:24
3,55.78,5.32,ON,2025-04-29 22:06:24
1,63.79,3.6,ON,2025-04-29 22:06:29
2,37.43,3.04,ON,2025-04-29 22:06:29
3,78.01,4.54,OFF,2025-04-29 22:06:29
1,87.25,2.27,ON,2025-04-29 22:06:34
2,48.41,5.66,OFF,2025-04-29 22:06:34
3,83.64,5.34,OFF,2025-04-29 22:06:34
1,30.44,3.9,OFF,2025-04-29 22:06:39
2,33.46,2.57,OFF,2025-04-29 22:06:39
3,88.93,4.56,OFF,2025-04-29 22:06:39
1,45.91,3.08,OFF,2025-04-29 22:06:44
2,77.28,3.82,OFF,2025-04-29 22:06:44
3,76.19,2.21,OFF,2025-04-29 22:06:44
1,65.25,1.44,ON,2025-04-29 22:06:49
2,70.84,5.36,OFF,2025-04-29 22:06:49
3,34.48,1.44,ON,2025-04-29 22:06:49
1,88.41,4.8,ON,2025-04-29 22:06:54
2,37.88,4.91,ON,2025-04-29 22:06:54
3,63.27,5.2,OFF,2025-04-29 22:06:54
1,59.17,4.35,ON,2025-04-29 22:06:59
2,47.54,5.11,ON,2025-04-29 22:06:59
3,86.02,5.13,OFF,2025-04-29 22:06:59
1,80.64,1.65,ON,2025-04-29 22:07:04
2,79.56,3.57,ON,2025-04-29 22:07:04
3,59.1,1.0,OFF,2025-04-29 22:07:04
1,68.42,5.27,OFF,2025-04-29 22:07:09
2,65.2,4.38,OFF,2025-04-29 22:07:09
3,74.4,4.82,OFF,2025-04-29 22:07:09
1,68.12,5.24,ON,2025-04-29 22:07:14
2,73.57,2.34,OFF,2025-04-29 22:07:14
3,54.33,5.58,ON,2025-04-29 22:07:14
1,79.6,2.86,ON,2025-04-29 22:07:19
2,45.88,2.95,ON,2025-04-29 22:07:19
3,33.49,5.19,ON,2025-04-29 22:07:19
1,78.69,3.18,OFF,2025-04-29 22:07:24
2,73.88,3.76,OFF,2025-04-29 22:07:24
3,72.48,2.25,ON,2025-04-29 22:07:24
1,75.64,2.24,OFF,2025-04-29 22:07:29
2,70.77,5.42,OFF,2025-04-29 22:07:29
3,54.13,3.37,ON,2025-04-29 22:07:29
1,36.77,5.81,ON,2025-04-29 22:07:34
2,80.91,1.14,OFF,2025-04-29 22:07:34
3,47.12,2.32,ON,2025-04-29 22:07:34
1,64.73,3.91,ON,2025-04-29 22:07:39
2,78.09,4.75,ON,2025-04-29 22:07:39
3,31.94,5.34,ON,2025-04-29 22:07:39
1,83.46,5.34,ON,2025-04-29 22:07:44
2,33.71,3.87,OFF,2025-04-29 22:07:44
3,30.76,3.36,OFF,2025-04-29 22:07:44
1,68.57,2.29,ON,2025-04-29 22:07:49
2,65.81,4.33,OFF,2025-04-29 22:07:49
3,84.83,2.92,OFF,2025-04-29 22:07:49
1,58.02,1.61,OFF,2025-04-29 22:07:54
2,35.02,3.54,ON,2025-04-29 22:07:54
3,45.4,3.4,ON,2025-04-29 22:07:54
1,63.97,3.35,ON,2025-04-29 22:07:59
2,58.97,2.72,ON,2025-04-29 22:07:59
3,33.5,3.96,ON,2025-04-29 22:07:59
1,68.05,1.82,ON,2025-04-29 22:08:04
2,82.0,3.65,ON,2025-04-29 22:08:04
3,81.9,5.97,OFF,2025-04-29 22:08:04
1,31.79,2.81,ON,2025-04-29 22:08:09
2,75.83,4.21,OFF,2025-04-29 22:08:09
3,71.7,1.65,ON,2025-04-29 22:08:09
1,87.82,3.67,ON,2025-04-29 22:08:14
2,54.76,5.69,OFF,2025-04-29 22:08:14
3,82.83,1.14,ON,2025-04-29 22:08:14
1,77.08,1.35,ON,2025-04-29 22:08:19
2,48.73,4.11,OFF,2025-04-29 22:08:19
3,67.1,3.77,ON,2025-04-29 22:08:19
1,68.39,1.35,ON,2025-04-29 22:08:24
2,83.79,3.53,ON,2025-04-29 22:08:24
3,75.48,4.82,OFF,2025-04-29 22:08:24
1,86.6,2.79,OFF,2025-04-29 22:08:29
2,84.51,2.98,ON,2025-04-29 22:08:29
3,40.86,1.46,ON,2025-04-29 22:08:29
1,73.5,4.49,OFF,2025-04-29 22:08:34
2,44.71,1.05,OFF,2025-04-29 22:08:34
3,32.12,4.67,ON,2025-04-29 22:08:34
1,46.53,3.92,OFF,2025-04-29 22:08:39
2,54.34,1.94,ON,2025-04-29 22:08:39
3,76.23,4.26,OFF,2025-04-29 22:08:39
1,86.73,1.94,OFF,2025-04-29 22:08:44
2,38.23,1.27,ON,2025-04-29 22:08:44
3,66.62,4.18,OFF,2025-04-29 22:08:44
1,84.5,5.45,ON,2025-04-29 22:08:49
2,85.65,5.97,OFF,2025-04-29 22:08:49
3,51.33,3.89,OFF,2025-04-29 22:08:49
1,38.15,3.59,OFF,2025-04-29 22:08:54
2,36.8,1.05,ON,2025-04-29 22:08:54
3,34.65,3.21,ON,2025-04-29 22:08:54
1,46.67,3.78,ON,2025-04-29 22:08:59
2,54.09,2.03,OFF,2025-04-29 22:08:59
3,63.96,3.26,OFF,2025-04-29 22:08:59
1,76.58,4.24,ON,2025-04-29 22:09:04
2,61.75,1.79,ON,2025-04-29 22:09:05
3,40.41,4.52,ON,2025-04-29 22:09:05
1,82.08,4.59,ON,2025-04-29 22:09:10
2,74.83,2.4,ON,2025-04-29 22:09:10
3,43.08,2.26,ON,2025-04-29 22:09:10
1,83.21,3.2,OFF,2025-04-29 22:09:15
2,81.81,1.07,ON,2025-04-29 22:09:15
3,87.43,3.75,ON,2025-04-29 22:09:15
1,61.53,2.32,ON,2025-04-29 22:09:20
2,32.52,1.38,OFF,2025-04-29 22:09:20
3,89.23,1.79,ON,2025-04-29 22:09:20
1,59.81,3.12,OFF,2025-04-29 22:09:25
2,87.28,1.9,ON,2025-04-29 22:09:25
3,85.98,2.94,OFF,2025-04-29 22:09:25
1,81.94,3.08,ON,2025-04-29 22:09:30
2,77.17,1.83,OFF,2025-04-29 22:09:30
3,74.52,4.21,OFF,2025-04-29 22:09:30
1,36.81,5.98,ON,2025-04-29 22:09:35
2,57.45,3.33,OFF,2025-04-29 22:09:35
3,33.72,4.26,ON,2025-04-29 22:09:35
1,30.6,1.48,OFF,2025-04-29 22:09:40
2,50.59,3.63,OFF,2025-04-29 22:09:40
3,66.52,5.8,OFF,2025-04-29 22:09:40
1,41.51,5.76,ON,2025-04-29 22:09:45
2,76.74,5.6,OFF,2025-04-29 22:09:45
3,53.47,5.17,ON,2025-04-29 22:09:45
1,63.07,3.73,OFF,2025-04-29 22:09:50
2,47.11,2.42,ON,2025-04-29 22:09:50
3,88.94,4.22,OFF,2025-04-29 22:09:50
1,45.44,1.24,ON,2025-04-29 22:09:55
2,68.26,4.48,OFF,2025-04-29 22:09:55
3,41.26,4.83,OFF,2025-04-29 22:09:55
1,73.86,3.02,OFF,2025-04-29 22:10:00
2,81.23,5.49,ON,2025-04-29 22:10:00
3,84.46,5.04,OFF,2025-04-29 22:10:01
1,81.94,3.5,ON,2025-04-29 22:10:06
2,47.04,2.13,ON,2025-04-29 22:10:06
3,38.23,3.16,ON,2025-04-29 22:10:06
1,63.0,2.32,OFF,2025-04-29 22:10:11
2,75.96,6.0,ON,2025-04-29 22:10:11
3,48.24,4.51,ON,2025-04-29 22:10:11
1,57.61,2.91,ON,2025-04-29 22:10:16
2,51.08,1.39,OFF,2025-04-29 22:10:16
3,51.83,1.64,ON,2025-04-29 22:10:16
1,65.58,2.32,OFF,2025-04-29 22:10:21
2,79.65,2.39,OFF,2025-04-29 22:10:21
3,89.46,5.05,ON,2025-04-29 22:10:21
1,73.7,2.82,ON,2025-04-29 22:10:26
2,47.73,5.49,OFF,2025-04-29 22:10:26
3,34.81,1.83,OFF,2025-04-29 22:10:26
1,77.01,5.32,OFF,2025-04-29 22:10:31
2,38.79,5.59,ON,2025-04-29 22:10:31
3,57.69,4.46,ON,2025-04-29 22:10:31
1,80.19,1.62,OFF,2025-04-29 22:10:36
2,62.02,4.23,ON,2025-04-29 22:10:36
3,56.8,4.94,ON,2025-04-29 22:10:36
1,64.05,1.32,OFF,2025-04-29 22:10:41
2,77.83,2.08,OFF,2025-04-29 22:10:41
3,47.04,2.86,OFF,2025-04-29 22:10:41
1,86.63,2.13,OFF,2025-04-29 22:10:46
2,62.79,3.0,OFF,2025-04-29 22:10:46
3,89.06,3.02,OFF,2025-04-29 22:10:46
1,71.94,1.16,ON,2025-04-29 22:10:51
2,80.43,3.01,ON,2025-04-29 22:10:51
3,60.91,1.76,OFF,2025-04-29 22:10:51
1,60.75,1.22,OFF,2025-04-29 22:10:56
2,78.63,3.43,OFF,2025-04-29 22:10:56
3,87.53,3.71,ON,2025-04-29 22:10:56
1,38.08,2.27,OFF,2025-04-29 22:11:01
2,69.6,4.75,ON,2025-04-29 22:11:01
3,87.78,1.04,ON,2025-04-29 22:11:01
1,72.59,4.67,ON,2025-04-29 22:11:06
2,86.56,2.48,ON,2025-04-29 22:11:06
3,89.6,5.06,OFF,2025-04-29 22:11:06
1,34.86,3.24,OFF,2025-04-29 22:11:11
2,36.34,1.03,OFF,2025-04-29 22:11:11
3,46.55,1.81,ON,2025-04-29 22:11:11
1,67.67,3.86,OFF,2025-04-29 22:11:16
2,87.36,5.69,OFF,2025-04-29 22:11:16
3,46.03,5.07,ON,2025-04-29 22:11:16
1,67.14,2.03,ON,2025-04-29 22:11:21
2,88.53,1.28,OFF,2025-04-29 22:11:21
3,37.22,5.97,ON,2025-04-29 22:11:21
1,59.23,3.14,ON,2025-04-29 22:11:26
2,83.35,5.3,ON,2025-04-29 22:11:26
3,85.53,4.05,ON,2025-04-29 22:11:26
1,82.83,3.3,OFF,2025-04-29 22:11:31
2,86.89,2.33,OFF,2025-04-29 22:11:31
3,88.74,5.42,ON,2025-04-29 22:11:31
1,63.09,1.16,ON,2025-04-29 22:11:36
2,88.65,2.73,ON,2025-04-29 22:11:36
3,65.22,2.28,OFF,2025-04-29 22:11:36
1,67.23,2.34,OFF,2025-04-29 22:11:41
2,74.61,5.51,ON,2025-04-29 22:11:41
3,33.44,3.81,OFF,2025-04-29 22:11:41
1,33.4,1.59,ON,2025-04-29 22:11:46
2,87.71,1.64,OFF,2025-04-29 22:11:46
3,75.17,1.47,OFF,2025-04-29 22:11:46
1,88.26,1.62,OFF,2025-04-29 22:11:51
2,80.59,4.6,ON,2025-04-29 22:11:51
3,44.42,1.46,ON,2025-04-29 22:11:51
1,57.56,4.48,ON,2025-04-29 22:11:56
2,54.89,4.93,ON,2025-04-29 22:11:56
3,60.87,1.68,ON,2025-04-29 22:11:56
1,52.62,3.94,OFF,2025-04-29 22:12:01
2,35.82,2.38,ON,2025-04-29 22:12:01
3,53.31,1.87,OFF,2025-04-29 22:12:01
1,39.39,3.93,OFF,2025-04-29 22:12:06
2,30.22,4.18,OFF,2025-04-29 22:12:06
3,70.24,3.57,ON,2025-04-29 22:12:06
1,80.95,1.14,OFF,2025-04-29 22:12:11
2,45.31,2.59,OFF,2025-04-29 22:12:11
3,66.33,5.01,OFF,2025-04-29 22:12:11
1,69.69,5.66,ON,2025-04-29 22:12:16
2,61.42,4.08,ON,2025-04-29 22:12:16
3,46.98,5.3,OFF,2025-04-29 22:12:16
1,54.54,1.7,OFF,2025-04-29 22:12:21
2,47.94,2.75,ON,2025-04-29 22:12:21
3,88.55,5.16,ON,2025-04-29 22:12:21
1,67.46,3.0,OFF,2025-04-29 22:12:26
2,65.44,4.55,ON,2025-04-29 22:12:26
3,89.0,1.01,ON,2025-04-29 22:12:26
1,37.52,3.25,ON,2025-04-29 22:12:31
2,86.06,4.07,OFF,2025-04-29 22:12:31
3,55.28,4.42,OFF,2025-04-29 22:12:31
1,62.28,3.02,ON,2025-04-29 22:12:36
2,62.03,4.71,OFF,2025-04-29 22:12:36
3,78.58,2.24,ON,2025-04-29 22:12:36
1,42.01,5.24,OFF,2025-04-29 22:12:41
2,71.31,3.28,OFF,2025-04-29 22:12:41
3,85.75,5.91,ON,2025-04-29 22:12:41
1,45.16,5.75,ON,2025-04-29 22:12:46
2,40.75,4.61,ON,2025-04-29 22:12:46
3,52.82,4.55,OFF,2025-04-29 22:12:46
1,30.36,4.11,ON,2025-04-29 22:12:51
2,33.88,3.77,ON,2025-04-29 22:12:51
3,58.34,2.73,ON,2025-04-29 22:12:51
1,84.41,3.85,ON,2025-04-29 22:12:56
2,81.8,1.4,ON,2025-04-29 22:12:56
3,31.59,4.88,ON,2025-04-29 22:12:56
1,73.02,1.67,OFF,2025-04-29 22:13:01
2,89.78,1.34,OFF,2025-04-29 22:13:01
3,32.34,4.51,OFF,2025-04-29 22:13:01
1,52.06,1.34,OFF,2025-04-29 22:13:06
2,74.42,5.98,OFF,2025-04-29 22:13:06
3,59.16,5.17,ON,2025-04-29 22:13:06
1,45.83,1.57,ON,2025-04-29 22:13:11
2,77.81,1.74,ON,2025-04-29 22:13:11
3,44.65,1.11,OFF,2025-04-29 22:13:11
1,86.47,3.01,ON,2025-04-29 22:13:16
2,71.17,2.31,ON,2025-04-29 22:13:16
3,73.01,5.66,ON,2025-04-29 22:13:16
1,43.59,5.52,OFF,2025-04-29 22:13:21
2,80.19,2.2,OFF,2025-04-29 22:13:21
3,39.99,1.31,OFF,2025-04-29 22:13:21
1,64.18,3.46,OFF,2025-04-29 22:13:26
2,79.38,5.89,OFF,2025-04-29 22:13:26
3,66.85,5.29,OFF,2025-04-29 22:13:26
1,51.37,1.64,OFF,2025-04-29 22:13:31
2,60.19,4.01,OFF,2025-04-29 22:13:31
3,51.86,3.12,ON,2025-04-29 22:13:31
1,87.37,3.49,ON,2025-04-29 22:13:36
2,60.06,3.76,ON,2025-04-29 22:13:36
3,34.82,5.97,OFF,2025-04-29 22:13:36
1,39.93,3.05,ON,2025-04-29 22:13:41
2,33.09,2.55,OFF,2025-04-29 22:13:41
3,85.36,2.29,OFF,2025-04-29 22:13:41
1,51.6,5.5,OFF,2025-04-29 22:13:46
2,86.37,1.98,ON,2025-04-29 22:13:46
3,33.19,1.85,ON,2025-04-29 22:13:46
1,32.18,4.42,OFF,2025-04-29 22:13:51
2,73.87,1.16,ON,2025-04-29 22:13:51
3,61.89,1.46,OFF,2025-04-29 22:13:51
1,48.8,4.53,ON,2025-04-29 22:13:56
2,49.9,2.96,OFF,2025-04-29 22:13:56
3,78.56,3.42,ON,2025-04-29 22:13:56
1,83.44,1.02,OFF,2025-04-29 22:14:01
2,75.95,2.69,ON,2025-04-29 22:14:01
3,70.08,4.85,ON,2025-04-29 22:14:01
1,50.72,2.81,OFF,2025-04-29 22:14:06
2,70.74,2.73,OFF,2025-04-29 22:14:06
3,72.15,4.99,ON,2025-04-29 22:14:06
1,87.78,1.46,ON,2025-04-29 22:14:11
2,79.41,4.22,ON,2025-04-29 22:14:11
3,33.77,4.66,ON,2025-04-29 22:14:11
1,54.84,1.92,ON,2025-04-29 22:14:16
2,40.12,2.35,ON,2025-04-29 22:14:16
3,67.62,5.35,OFF,2025-04-29 22:14:16
1,43.14,3.73,ON,2025-04-29 22:14:21
2,33.04,1.04,ON,2025-04-29 22:14:21
3,58.26,2.1,ON,2025-04-29 22:14:21
1,63.83,4.11,OFF,2025-04-29 22:14:26
2,48.48,2.6,OFF,2025-04-29 22:14:26
3,47.3,4.3,OFF,2025-04-29 22:14:26
1,63.69,1.78,OFF,2025-04-29 22:14:31
2,31.53,2.97,OFF,2025-04-29 22:14:31
3,40.95,5.74,OFF,2025-04-29 22:14:31
1,66.55,4.14,ON,2025-04-29 22:14:36
2,44.75,4.49,OFF,2025-04-29 22:14:36
3,48.87,1.6,ON,2025-04-29 22:14:36
1,85.43,5.88,ON,2025-04-29 22:14:41
2,51.17,1.34,ON,2025-04-29 22:14:41
3,80.75,1.07,OFF,2025-04-29 22:14:41
1,68.16,2.2,ON,2025-04-29 22:14:46
2,42.56,5.72,ON,2025-04-29 22:14:46
3,30.6,1.0,OFF,2025-04-29 22:14:46
1,44.88,1.13,OFF,2025-04-29 22:14:51
2,83.32,5.22,ON,2025-04-29 22:14:51
3,49.58,4.41,OFF,2025-04-29 22:14:51
1,50.15,2.64,ON,2025-04-29 22:14:56
2,34.74,5.84,ON,2025-04-29 22:14:56
3,80.45,2.41,OFF,2025-04-29 22:14:56
1,80.25,2.79,ON,2025-04-29 22:15:01
2,33.23,4.11,ON,2025-04-29 22:15:01
3,85.36,1.93,ON,2025-04-29 22:15:01
1,60.01,3.9,ON,2025-04-29 22:15:06
2,38.01,1.16,OFF,2025-04-29 22:15:06
3,57.64,5.85,ON,2025-04-29 22:15:06
1,80.58,3.71,OFF,2025-04-29 22:15:11
2,42.05,4.65,ON,2025-04-29 22:15:11
3,89.47,3.64,OFF,2025-04-29 22:15:11
1,42.34,1.61,OFF,2025-04-29 22:15:16
2,53.08,5.05,ON,2025-04-29 22:15:16
3,32.41,4.03,ON,2025-04-29 22:15:16
1,54.06,2.62,ON,2025-04-29 22:15:21
2,64.14,1.29,OFF,2025-04-29 22:15:21
3,65.77,2.48,OFF,2025-04-29 22:15:21
1,61.28,2.97,OFF,2025-04-29 22:15:26
2,85.44,2.61,ON,2025-04-29 22:15:26
3,43.61,4.88,OFF,2025-04-29 22:15:26
1,31.07,3.86,ON,2025-04-29 22:15:31
2,38.0,4.38,ON,2025-04-29 22:15:31
3,65.63,4.87,OFF,2025-04-29 22:15:31
1,54.73,5.11,OFF,2025-04-29 22:15:36
2,82.71,1.54,OFF,2025-04-29 22:15:36
3,83.95,4.66,OFF,2025-04-29 22:15:36
1,68.94,4.26,OFF,2025-04-29 22:15:41
2,44.49,5.71,OFF,2025-04-29 22:15:41
3,86.65,5.58,OFF,2025-04-29 22:15:41
1,78.93,1.79,OFF,2025-04-29 22:15:46
2,42.27,1.95,ON,2025-04-29 22:15:46
3,41.2,5.48,ON,2025-04-29 22:15:46
1,35.14,5.24,ON,2025-04-29 22:15:51
2,54.22,1.72,ON,2025-04-29 22:15:51
3,31.17,4.79,ON,2025-04-29 22:15:51
1,68.17,5.27,OFF,2025-04-29 22:15:56
2,76.36,2.36,OFF,2025-04-29 22:15:56
3,82.5,1.14,OFF,2025-04-29 22:15:56
1,66.33,5.45,ON,2025-04-29 22:16:01
2,38.31,2.18,ON,2025-04-29 22:16:01
3,44.65,3.96,ON,2025-04-29 22:16:01
1,80.32,4.3,ON,2025-04-29 22:16:06
2,80.19,3.88,OFF,2025-04-29 22:16:06
3,80.11,1.36,ON,2025-04-29 22:16:06
1,58.21,3.91,ON,2025-04-29 22:16:11
2,52.9,1.09,OFF,2025-04-29 22:16:11
3,53.92,3.42,OFF,2025-04-29 22:16:11
1,79.84,3.77,OFF,2025-04-29 22:16:16
2,79.73,4.4,OFF,2025-04-29 22:16:16
3,53.04,1.91,ON,2025-04-29 22:16:16
1,64.25,4.75,OFF,2025-04-29 22:16:21
2,75.3,4.67,OFF,2025-04-29 22:16:21
3,74.81,5.44,OFF,2025-04-29 22:16:21
1,80.94,3.69,OFF,2025-04-29 22:16:26
2,33.76,2.56,ON,2025-04-29 22:16:26
3,48.03,5.96,OFF,2025-04-29 22:16:26
1,65.4,5.26,ON,2025-04-29 22:16:31
2,55.77,1.15,OFF,2025-04-29 22:16:31
3,56.39,1.53,OFF,2025-04-29 22:16:31
1,37.69,2.77,OFF,2025-04-29 22:16:36
2,39.23,1.13,ON,2025-04-29 22:16:36
3,80.89,3.09,OFF,2025-04-29 22:16:36
1,54.12,4.25,ON,2025-04-29 22:16:41
2,42.04,5.76,ON,2025-04-29 22:16:41
3,63.45,2.06,ON,2025-04-29 22:16:41
1,73.69,4.27,OFF,2025-04-29 22:16:46
2,79.92,4.61,OFF,2025-04-29 22:16:46
3,38.47,4.26,ON,2025-04-29 22:16:46
1,44.76,2.2,ON,2025-04-29 22:16:51
2,50.17,3.44,ON,2025-04-29 22:16:51
3,86.1,2.27,ON,2025-04-29 22:16:51
1,77.59,1.15,ON,2025-04-29 22:16:56
2,32.05,2.03,OFF,2025-04-29 22:16:56
3,43.87,4.96,OFF,2025-04-29 22:16:56
1,65.4,4.03,ON,2025-04-29 22:17:01
2,33.88,3.09,OFF,2025-04-29 22:17:01
3,68.74,2.17,OFF,2025-04-29 22:17:01
1,44.06,5.79,OFF,2025-04-29 22:17:06
2,35.52,2.58,OFF,2025-04-29 22:17:06
3,41.71,2.76,OFF,2025-04-29 22:17:06
1,87.09,1.95,ON,2025-04-29 22:17:11
2,85.15,1.97,OFF,2025-04-29 22:17:11
3,68.32,4.86,ON,2025-04-29 22:17:11
1,54.22,1.52,ON,2025-04-29 22:17:16
2,67.05,2.18,OFF,2025-04-29 22:17:16
3,80.26,1.69,ON,2025-04-29 22:17:16
1,32.86,1.57,OFF,2025-04-29 22:17:21
2,32.53,3.69,OFF,2025-04-29 22:17:21
3,73.49,4.56,ON,2025-04-29 22:17:21
1,30.69,1.23,ON,2025-04-29 22:17:26
2,59.93,3.17,ON,2025-04-29 22:17:26
3,85.77,4.16,ON,2025-04-29 22:17:26
1,43.93,5.8,ON,2025-04-29 22:17:31
2,70.63,1.61,OFF,2025-04-29 22:17:31
3,74.68,4.51,OFF,2025-04-29 22:17:31
1,32.71,5.01,OFF,2025-04-29 22:17:36
2,49.43,3.43,OFF,2025-04-29 22:17:36
3,39.29,3.67,OFF,2025-04-29 22:17:36
1,46.24,4.1,OFF,2025-04-29 22:17:41
2,88.9,1.16,OFF,2025-04-29 22:17:41
3,52.87,3.92,OFF,2025-04-29 22:17:41
1,78.42,3.87,ON,2025-04-29 22:17:46
2,49.86,4.82,OFF,2025-04-29 22:17:46
3,62.5,1.69,ON,2025-04-29 22:17:46
1,51.81,2.47,OFF,2025-04-29 22:17:51
2,39.23,5.29,ON,2025-04-29 22:17:51
3,40.28,4.94,ON,2025-04-29 22:17:51
1,51.6,2.09,ON,2025-04-29 22:17:56
2,38.16,4.49,OFF,2025-04-29 22:17:56
3,42.88,5.3,OFF,2025-04-29 22:17:56
1,60.33,4.62,ON,2025-04-29 22:18:01
2,87.05,3.32,ON,2025-04-29 22:18:01
3,74.25,1.81,ON,2025-04-29 22:18:01
1,42.0,4.27,ON,2025-04-29 22:18:06
2,88.98,3.52,OFF,2025-04-29 22:18:06
3,68.47,2.56,OFF,2025-04-29 22:18:06
1,36.14,1.73,OFF,2025-04-29 22:18:11
2,65.73,3.35,OFF,2025-04-29 22:18:11
3,44.03,2.25,ON,2025-04-29 22:18:11
1,77.63,2.86,OFF,2025-04-29 22:18:16
2,72.54,1.22,OFF,2025-04-29 22:18:16
3,87.35,2.51,OFF,2025-04-29 22:18:16
1,78.56,1.24,ON,2025-04-29 22:18:21
2,63.57,1.25,ON,2025-04-29 22:18:21
3,79.73,5.01,ON,2025-04-29 22:18:21
1,33.39,3.6,ON,2025-04-29 22:18:26
2,67.27,3.37,OFF,2025-04-29 22:18:26
3,47.36,1.29,OFF,2025-04-29 22:18:26
1,49.57,1.7,OFF,2025-04-29 22:18:31
2,76.51,4.58,OFF,2025-04-29 22:18:31
3,43.08,5.35,OFF,2025-04-29 22:18:31
1,43.07,5.77,OFF,2025-04-29 22:18:36
2,50.88,1.81,OFF,2025-04-29 22:18:37
3,59.36,4.41,OFF,2025-04-29 22:18:37
1,69.95,3.75,ON,2025-04-29 22:18:42
2,75.2,3.98,ON,2025-04-29 22:18:42
3,88.73,5.29,OFF,2025-04-29 22:18:42
1,44.96,2.0,OFF,2025-04-29 22:18:47
2,67.57,3.27,ON,2025-04-29 22:18:47
3,88.16,3.68,OFF,2025-04-29 22:18:47
1,33.16,4.84,ON,2025-04-29 22:18:52
2,46.06,4.08,ON,2025-04-29 22:18:52
3,38.72,3.41,ON,2025-04-29 22:18:52
1,72.52,5.58,OFF,2025-04-29 22:18:57
2,56.67,1.31,ON,2025-04-29 22:18:57
3,69.04,3.62,ON,2025-04-29 22:18:57
1,47.09,4.68,ON,2025-04-29 22:19:02
2,49.79,2.28,OFF,2025-04-29 22:19:02
3,65.74,3.65,OFF,2025-04-29 22:19:02
1,87.55,5.16,OFF,2025-04-29 22:19:07
2,40.47,1.26,ON,2025-04-29 22:19:07
3,63.24,5.32,ON,2025-04-29 22:19:07
1,76.43,2.01,ON,2025-04-29 22:19:12
2,82.32,4.13,ON,2025-04-29 22:19:12
3,45.47,3.53,ON,2025-04-29 22:19:12
1,37.81,4.52,ON,2025-04-29 22:19:17
2,61.68,3.78,ON,2025-04-29 22:19:17
3,81.24,4.19,ON,2025-04-29 22:19:17
1,46.12,3.97,OFF,2025-04-29 22:19:22
2,69.02,4.86,OFF,2025-04-29 22:19:22
3,55.98,1.2,OFF,2025-04-29 22:19:22
1,30.78,2.28,ON,2025-04-29 22:19:27
2,45.75,5.2,OFF,2025-04-29 22:19:27
3,64.46,2.63,ON,2025-04-29 22:19:27
1,45.93,5.51,OFF,2025-04-29 22:19:32
2,65.87,2.59,ON,2025-04-29 22:19:32
3,36.6,2.63,ON,2025-04-29 22:19:32
1,81.04,1.35,OFF,2025-04-29 22:19:37
2,87.79,3.61,OFF,2025-04-29 22:19:37
3,84.82,3.74,OFF,2025-04-29 22:19:37
1,62.25,4.17,ON,2025-04-29 22:19:42
2,43.89,5.8,OFF,2025-04-29 22:19:42
3,60.81,3.21,OFF,2025-04-29 22:19:42
1,87.99,1.26,ON,2025-04-29 22:19:47
2,69.36,4.06,OFF,2025-04-29 22:19:47
3,66.2,3.87,OFF,2025-04-29 22:19:47
1,72.17,1.95,OFF,2025-04-29 22:19:52
2,53.92,3.09,ON,2025-04-29 22:19:52
3,46.29,3.4,ON,2025-04-29 22:19:52
1,67.22,1.87,ON,2025-04-29 22:19:57
2,47.98,2.33,OFF,2025-04-29 22:19:59
3,30.51,3.68,ON,2025-04-29 22:19:59
1,78.62,1.75,OFF,2025-04-29 22:20:04
2,59.84,2.15,ON,2025-04-29 22:20:05
3,87.21,1.77,OFF,2025-04-29 22:20:05
1,70.06,1.52,ON,2025-04-29 22:20:10
2,39.88,2.95,ON,2025-04-29 22:20:12
3,66.22,5.74,ON,2025-04-29 22:20:12
1,61.57,5.42,OFF,2025-04-29 22:20:17
2,45.26,2.8,OFF,2025-04-29 22:20:17
3,84.61,3.27,OFF,2025-04-29 22:20:17
1,39.52,2.69,OFF,2025-04-29 22:20:22
2,43.53,4.38,OFF,2025-04-29 22:20:22
3,81.52,5.5,ON,2025-04-29 22:20:22
1,53.98,1.09,ON,2025-04-29 22:20:27
2,52.74,3.36,OFF,2025-04-29 22:20:27
3,58.44,3.2,ON,2025-04-29 22:20:27
1,70.4,1.54,OFF,2025-04-29 22:20:32
2,60.48,3.48,ON,2025-04-29 22:20:32
3,61.05,1.47,OFF,2025-04-29 22:20:32
1,86.04,5.63,ON,2025-04-29 22:20:37
2,44.61,3.64,ON,2025-04-29 22:20:37
3,65.24,1.55,ON,2025-04-29 22:20:37
1,58.18,1.61,OFF,2025-04-29 22:20:42
2,32.59,3.77,ON,2025-04-29 22:20:42
3,31.22,3.27,ON,2025-04-29 22:20:42
1,68.22,5.65,OFF,2025-04-29 22:20:47
2,34.91,5.23,ON,2025-04-29 22:20:47
3,39.9,2.47,OFF,2025-04-29 22:20:47
1,40.44,2.27,OFF,2025-04-29 22:20:52
2,77.52,5.47,ON,2025-04-29 22:20:52
3,53.01,3.34,OFF,2025-04-29 22:20:52
1,50.01,1.38,ON,2025-04-29 22:20:57
2,52.17,3.59,OFF,2025-04-29 22:20:57
3,82.5,5.3,OFF,2025-04-29 22:20:57
1,59.05,5.18,OFF,2025-04-29 22:21:02
2,61.45,2.25,OFF,2025-04-29 22:21:02
3,89.03,1.85,OFF,2025-04-29 22:21:02
1,32.4,4.27,OFF,2025-04-29 22:21:07
2,52.23,2.75,OFF,2025-04-29 22:21:07
3,35.04,2.62,OFF,2025-04-29 22:21:07
1,40.91,4.09,OFF,2025-04-29 22:21:12
2,34.47,1.53,OFF,2025-04-29 22:21:12
3,41.44,2.95,ON,2025-04-29 22:21:12
1,87.25,3.69,OFF,2025-04-29 22:21:17
2,40.05,5.3,OFF,2025-04-29 22:21:17
3,76.5,5.69,ON,2025-04-29 22:21:17
1,31.11,2.82,OFF,2025-04-29 22:21:22
2,49.58,3.76,ON,2025-04-29 22:21:22
3,80.98,3.85,ON,2025-04-29 22:21:22
1,51.05,5.69,ON,2025-04-29 22:21:27
2,84.57,1.96,OFF,2025-04-29 22:21:27
3,66.22,5.72,OFF,2025-04-29 22:21:27
1,83.61,2.41,OFF,2025-04-29 22:21:32
2,53.38,3.99,OFF,2025-04-29 22:21:32
3,63.01,5.61,OFF,2025-04-29 22:21:32
1,66.4,3.29,ON,2025-04-29 22:21:37
2,42.33,4.98,OFF,2025-04-29 22:21:37
3,66.36,4.55,ON,2025-04-29 22:21:37
1,31.5,4.31,OFF,2025-04-29 22:21:42
2,78.83,3.31,OFF,2025-04-29 22:21:42
3,59.45,3.93,ON,2025-04-29 22:21:42
1,36.47,3.15,ON,2025-04-29 22:21:47
2,59.55,4.99,ON,2025-04-29 22:21:47
3,71.59,2.88,ON,2025-04-29 22:21:47
1,55.75,3.59,ON,2025-04-29 22:21:52
2,75.07,4.98,ON,2025-04-29 22:21:52
3,57.73,3.42,OFF,2025-04-29 22:21:52
1,36.92,1.79,ON,2025-04-29 22:21:57
2,49.83,1.6,ON,2025-04-29 22:21:57
3,67.25,5.32,ON,2025-04-29 22:21:57
1,32.8,2.3,ON,2025-04-29 22:22:02
2,75.28,2.88,OFF,2025-04-29 22:22:02
3,76.7,3.17,ON,2025-04-29 22:22:02
1,57.63,3.2,OFF,2025-04-29 22:22:07
2,65.41,3.46,OFF,2025-04-29 22:22:07
3,62.8,3.23,ON,2025-04-29 22:22:07
1,38.35,2.01,OFF,2025-04-29 22:22:12
2,87.66,3.12,OFF,2025-04-29 22:22:12
3,46.81,3.64,ON,2025-04-29 22:22:12
1,85.94,3.61,OFF,2025-04-29 22:22:17
2,62.29,4.44,OFF,2025-04-29 22:22:17
3,31.59,5.71,OFF,2025-04-29 22:22:17
1,63.94,4.45,ON,2025-04-29 22:22:22
2,36.09,5.69,ON,2025-04-29 22:22:22
3,43.24,3.08,ON,2025-04-29 22:22:22
1,78.28,3.75,OFF,2025-04-29 22:22:27
2,71.34,4.17,ON,2025-04-29 22:22:27
3,49.41,1.07,OFF,2025-04-29 22:22:27
1,61.9,1.76,ON,2025-04-29 22:22:32
2,82.01,5.57,OFF,2025-04-29 22:22:32
3,76.19,4.31,ON,2025-04-29 22:22:32
1,69.46,2.57,ON,2025-04-29 22:22:37
2,77.71,2.26,ON,2025-04-29 22:22:37
3,39.54,5.24,OFF,2025-04-29 22:22:37
1,32.88,1.15,ON,2025-04-29 22:22:42
2,72.81,1.8,ON,2025-04-29 22:22:42
3,89.45,1.59,ON,2025-04-29 22:22:42
1,54.13,3.76,ON,2025-04-29 22:22:47
2,77.19,5.86,ON,2025-04-29 22:22:47
3,34.8,4.27,ON,2025-04-29 22:22:47
1,37.2,3.23,OFF,2025-04-29 22:22:52
2,45.17,4.95,OFF,2025-04-29 22:22:52
3,75.46,1.75,ON,2025-04-29 22:22:52
1,64.09,4.94,OFF,2025-04-29 22:22:57
2,81.88,4.86,OFF,2025-04-29 22:22:57
3,87.43,4.96,ON,2025-04-29 22:22:57
1,33.83,4.1,ON,2025-04-29 22:23:02
2,77.75,2.0,ON,2025-04-29 22:23:02
3,73.74,1.11,OFF,2025-04-29 22:23:02
1,52.77,1.34,OFF,2025-04-29 22:23:07
2,34.77,1.97,OFF,2025-04-29 22:23:07
3,63.09,4.87,OFF,2025-04-29 22:23:07
1,72.85,3.04,ON,2025-04-29 22:23:12
2,80.4,2.22,ON,2025-04-29 22:23:12
3,87.37,1.48,ON,2025-04-29 22:23:12
1,32.29,1.15,OFF,2025-04-29 22:23:17
2,46.6,2.8,OFF,2025-04-29 22:23:17
3,78.17,3.86,ON,2025-04-29 22:23:17
1,45.62,1.62,ON,2025-04-29 22:23:22
2,66.21,4.47,OFF,2025-04-29 22:23:22
3,54.33,5.22,ON,2025-04-29 22:23:22
1,47.71,2.56,OFF,2025-04-29 22:23:27
2,82.26,5.58,ON,2025-04-29 22:23:27
3,52.78,2.13,OFF,2025-04-29 22:23:27
1,83.01,5.75,ON,2025-04-29 22:23:32
2,66.13,2.92,ON,2025-04-29 22:23:32
3,55.04,1.1,ON,2025-04-29 22:23:32
1,61.42,2.1,ON,2025-04-29 22:23:37
2,85.64,3.59,OFF,2025-04-29 22:23:37
3,44.76,3.72,ON,2025-04-29 22:23:37
1,42.59,3.56,ON,2025-04-29 22:23:42
2,62.56,5.5,ON,2025-04-29 22:23:42
3,66.34,2.96,ON,2025-04-29 22:23:42
1,57.57,1.75,OFF,2025-04-29 22:23:47
2,67.01,5.83,OFF,2025-04-29 22:23:47
3,88.95,3.43,ON,2025-04-29 22:23:47
1,71.55,1.72,ON,2025-04-29 22:23:52
2,31.27,4.42,OFF,2025-04-29 22:23:52
3,44.44,2.8,OFF,2025-04-29 22:23:52
1,89.79,3.63,ON,2025-04-29 22:23:57
2,62.85,1.78,OFF,2025-04-29 22:23:57
3,46.18,4.6,ON,2025-04-29 22:23:57
1,61.3,1.49,ON,2025-04-29 22:24:02
2,83.79,2.01,OFF,2025-04-29 22:24:02
3,80.31,2.98,OFF,2025-04-29 22:24:02
1,48.35,5.53,ON,2025-04-29 22:24:07
2,42.28,1.19,OFF,2025-04-29 22:24:07
3,49.09,3.57,ON,2025-04-29 22:24:07
1,60.36,2.4,OFF,2025-04-29 22:24:12
2,54.22,3.71,OFF,2025-04-29 22:24:12
3,80.26,2.05,ON,2025-04-29 22:24:12
1,46.34,4.26,OFF,2025-04-29 22:24:17
2,74.73,5.8,ON,2025-04-29 22:24:17
3,40.46,2.53,OFF,2025-04-29 22:24:17
1,37.07,3.65,ON,2025-04-29 22:24:22
2,68.04,1.38,OFF,2025-04-29 22:24:22
3,33.23,4.09,ON,2025-04-29 22:24:22
1,84.3,3.55,ON,2025-04-29 22:24:27
2,52.3,2.96,ON,2025-04-29 22:24:27
3,83.11,5.82,OFF,2025-04-29 22:24:27
1,89.41,3.04,ON,2025-04-29 22:24:32
2,51.31,4.46,ON,2025-04-29 22:24:32
3,44.87,3.78,OFF,2025-04-29 22:24:32
1,50.04,5.69,ON,2025-04-29 22:24:37
2,57.21,3.32,OFF,2025-04-29 22:24:37
3,35.39,1.03,ON,2025-04-29 22:24:37
1,87.0,2.06,OFF,2025-04-29 22:24:42
2,64.29,4.08,ON,2025-04-29 22:24:42
3,68.02,4.98,ON,2025-04-29 22:24:42
1,54.01,5.15,OFF,2025-04-29 22:24:47
2,85.19,5.96,OFF,2025-04-29 22:24:47
3,64.58,4.0,ON,2025-04-29 22:24:47
1,63.0,4.63,ON,2025-04-29 22:24:52
2,77.36,3.04,ON,2025-04-29 22:24:52
3,61.65,2.69,OFF,2025-04-29 22:24:52
1,58.44,2.5,ON,2025-04-29 22:24:57
2,53.16,1.74,ON,2025-04-29 22:24:57
3,89.95,2.24,ON,2025-04-29 22:24:57
1,32.98,4.43,OFF,2025-04-29 22:25:02
2,72.21,4.22,ON,2025-04-29 22:25:02
3,74.66,3.14,ON,2025-04-29 22:25:02
1,53.64,4.68,OFF,2025-04-29 22:25:07
2,75.59,2.68,OFF,2025-04-29 22:25:07
3,59.12,3.09,ON,2025-04-29 22:25:07
1,52.65,5.8,ON,2025-04-29 22:25:12
2,46.99,4.79,OFF,2025-04-29 22:25:12
3,80.55,5.57,OFF,2025-04-29 22:25:12
1,74.53,1.86,OFF,2025-04-29 22:25:17
2,64.3,2.38,ON,2025-04-29 22:25:17
3,79.72,5.99,ON,2025-04-29 22:25:17
1,79.85,2.18,ON,2025-04-29 22:25:22
2,49.88,5.92,OFF,2025-04-29 22:25:22
3,33.57,2.88,OFF,2025-04-29 22:25:22
1,71.28,4.03,ON,2025-04-29 22:25:27
2,49.32,4.74,OFF,2025-04-29 22:25:27
3,77.57,2.66,OFF,2025-04-29 22:25:27
1,48.75,2.94,OFF,2025-04-29 22:25:32
2,73.11,4.82,OFF,2025-04-29 22:25:32
3,52.11,2.6,OFF,2025-04-29 22:25:32
1,78.46,4.35,OFF,2025-04-29 22:25:37
2,35.08,4.25,ON,2025-04-29 22:25:37
3,47.28,2.07,OFF,2025-04-29 22:25:37
1,50.38,4.67,ON,2025-04-29 22:25:42
2,69.68,5.77,ON,2025-04-29 22:25:42
3,73.75,4.91,ON,2025-04-29 22:25:42
1,88.61,3.23,OFF,2025-04-29 22:25:47
2,70.8,3.73,OFF,2025-04-29 22:25:47
3,65.78,1.87,OFF,2025-04-29 22:25:47
1,53.48,1.35,ON,2025-04-29 22:25:52
2,63.36,4.78,OFF,2025-04-29 22:25:52
3,73.86,4.3,ON,2025-04-29 22:25:52
1,48.9,3.49,OFF,2025-04-29 22:25:57
2,87.01,2.69,ON,2025-04-29 22:25:57
3,79.22,1.58,ON,2025-04-29 22:25:57
1,50.02,1.47,OFF,2025-04-29 22:26:02
2,87.94,1.69,ON,2025-04-29 22:26:02
3,41.32,4.28,OFF,2025-04-29 22:26:02
1,56.48,5.97,ON,2025-04-29 22:26:07
2,89.1,5.18,ON,2025-04-29 22:26:07
3,33.1,1.51,ON,2025-04-29 22:26:07
1,48.37,1.34,ON,2025-04-29 22:26:12
2,46.15,1.63,ON,2025-04-29 22:26:12
3,34.08,4.35,ON,2025-04-29 22:26:12
1,35.41,1.45,OFF,2025-04-29 22:26:17
2,45.87,3.82,ON,2025-04-29 22:26:17
3,89.96,1.86,ON,2025-04-29 22:26:17
1,57.58,5.22,OFF,2025-04-29 22:26:22
2,37.71,1.84,ON,2025-04-29 22:26:22
3,52.49,4.2,ON,2025-04-29 22:26:22
1,69.87,2.19,ON,2025-04-29 22:26:27
2,52.9,4.27,ON,2025-04-29 22:26:27
3,66.76,1.39,OFF,2025-04-29 22:26:27
1,89.17,5.48,OFF,2025-04-29 22:26:32
2,52.26,1.88,OFF,2025-04-29 22:26:32
3,42.8,2.6,OFF,2025-04-29 22:26:32
1,65.1,3.33,OFF,2025-04-29 22:26:37
2,81.91,2.16,ON,2025-04-29 22:26:37
3,81.02,4.73,OFF,2025-04-29 22:26:37
1,46.49,3.48,OFF,2025-04-29 22:26:42
2,41.84,1.99,ON,2025-04-29 22:26:42
3,73.4,4.68,OFF,2025-04-29 22:26:42
1,85.0,5.33,ON,2025-04-29 22:26:47
2,76.62,1.27,OFF,2025-04-29 22:26:47
3,66.02,4.03,OFF,2025-04-29 22:26:47
1,70.14,2.06,ON,2025-04-29 22:26:52
2,79.59,3.83,OFF,2025-04-29 22:26:52
3,66.41,5.84,OFF,2025-04-29 22:26:52
1,82.43,5.97,OFF,2025-04-29 22:26:57
2,46.86,5.21,ON,2025-04-29 22:26:57
3,74.8,3.72,OFF,2025-04-29 22:26:57
1,53.01,1.13,ON,2025-04-29 22:27:02
2,39.52,5.44,ON,2025-04-29 22:27:02
3,39.79,5.44,ON,2025-04-29 22:27:02
1,56.1,1.09,ON,2025-04-29 22:27:07
2,54.69,2.07,OFF,2025-04-29 22:27:07
3,43.77,3.36,ON,2025-04-29 22:27:07
1,64.47,4.01,ON,2025-04-29 22:27:12
